item_id,source_name,category,title,url,published_at,summary,status,checked_at
bf9415f5b004b652,PC Watch,PC・ガジェット,Claude Fable 5/Mythos 5停止の補償か、全ユーザーの利用制限リセット,https://pc.watch.impress.co.jp/docs/news/2116946.html,2026-06-13T13:36:25+09:00,Anthropicは6月13日、ProおよびMaxプランの全ユーザーを対象に、5時間ごとおよび週単位の利用制限をリセットした。,candidate,2026-06-13T08:14:50+00:00
0a41f8e65b295ea8,PC Watch,PC・ガジェット,ClaudeのMythosとFable 5が利用不可に。米政府の輸出規制で公開3日で,https://pc.watch.impress.co.jp/docs/news/2116935.html,2026-06-13T12:10:51+09:00,Anthropicは6月12日(現地時間)、米国政府の輸出規制指令を受け、最新AIモデル「Claude Fable 5」および「Claude Mythos 5」へのすべてのユーザーアクセスを停止した。指令はAnthropicが両モデルを発表してわずか3日後に届いたもので、外国籍の人物によるアクセスを全面的に禁じる内容。Anthropicはこれに従いつつも、「誤解に基づくもの」として異議を唱えており、アクセス回復に向けて取り組んでいるとしている。,candidate,2026-06-13T08:14:50+00:00
2b0eb08d5dbade4e,PC Watch,PC・ガジェット,"Gemini 3.1 Proと互角、4,280億パラメータLLM「MiniMax M3」公開",https://pc.watch.impress.co.jp/docs/news/2116933.html,2026-06-13T11:16:33+09:00,"MiniMaxは6月12日、総パラメータ数が約4,280億でマルチモーダル対応のオープンウェイトLLM「MiniMax M3」のモデルウェイトをHugging Faceで公開した。アクティブパラメータ数が約230億のエキスパート混合モデル(MoE)アーキテクチャを採用する。ソフトウェアエンジニアリング評価「SWE-Bench Pro」ではGemini 3.1 Pro(54.2%)を上回る59.0%を記録した。",candidate,2026-06-13T08:14:50+00:00
bdd4ef36c58f5971,PC Watch,PC・ガジェット,"【本日みつけたお買い得品】Jackeryの1,070Whポタ電が約5万円引き！ソーラーパネル付きモデルも",https://pc.watch.impress.co.jp/docs/news/todays_sales/2116930.html,2026-06-13T09:10:50+09:00,"Amazonで、1,070Whの容量を持つ「Jackery ポータブル電源 1000 New」が、直近価格から5万317円引きの6万9,483円で販売されている。",candidate,2026-06-13T08:14:50+00:00
fce3281acc697bee,PC Watch,PC・ガジェット,"【本日みつけたお買い得品】モトローラの5Gスマホが2万6,820円に！Amazonセール",https://pc.watch.impress.co.jp/docs/news/todays_sales/2116928.html,2026-06-13T08:54:22+09:00,"Amazonで、モトローラのAndroidスマートフォン「motorola g66j 5G」が、直近価格から4,474円引きの2万6,820円で販売されている。",candidate,2026-06-13T08:14:50+00:00
654834211c8e154c,PC Watch,PC・ガジェット,【今すぐ読みたい！人気記事】AndroidでSteamライブラリのゲームが遊べる「GameHub」を徹底検証 - PC Watch,https://pc.watch.impress.co.jp/docs/topic/readitnow/2116777.html,2026-06-13T06:18:00+09:00,PCゲームをAndroid端末で動かせる「GameHub」というソフトがある。最近はスマートフォンも高性能化しているし、PCゲームも古いものやライトなものは大してマシンパワーを必要としないことを思うと、なるほどあってしかるべきもの、という気はする。,candidate,2026-06-13T08:14:50+00:00
d663fa4e455b41e8,PC Watch,PC・ガジェット,【今すぐ読みたい！人気記事】「MacBook Neo」は買いか？9.9万円の衝撃と20万円台「M5 Air」との埋められない差 - PC Watch,https://pc.watch.impress.co.jp/docs/topic/readitnow/2116775.html,2026-06-13T06:07:00+09:00,"創業50周年である4月1日を控えた3月2～4日の3日間、Appleは怒涛の製品発表ラッシュを実施した。その中でも特に注目を集めたのが最終日の3月4日に発表され、3月11日に発売された「MacBook Neo」。メモリをはじめとするPCパーツが高騰している中、10万円を切る9万9,800円という驚きの価格を実現している。",candidate,2026-06-13T08:14:50+00:00
6710db722679ff4d,PC Watch,PC・ガジェット,Facebookに障害発生。メッセンジャーも見られず,https://pc.watch.impress.co.jp/docs/news/2116924.html,2026-06-12T22:48:36+09:00,日本時間の6月12日22時40分頃、Facebookのサービスがダウンした模様だ。X(旧Twitter)でも報告が相次いでいる。,candidate,2026-06-13T08:14:50+00:00
94231580b3dbdd4b,PC Watch,PC・ガジェット,MCP連携でOpus 4.8超え、1兆パラメータLLM「Kimi K2.7 Code」無償公開,https://pc.watch.impress.co.jp/docs/news/2116913.html,2026-06-12T21:33:50+09:00,Moonshot AIは6月12日、コーディングに特化したオープンソースのエージェントAIモデル「Kimi K2.7 Code」の提供を開始した。総パラメータ数1兆でアクティブパラメータ数320億のエキスパート混合モデル(MoE)アーキテクチャを採用し、モデルの重みはModified MITライセンスのもと無償公開されている。Hugging Faceからダウンロードして、vLLMやSGLangなどのローカル推論ツールで利用できる。さらに同社は高速動作を実現する「6x High-Speed Mode」の近日提供も予告している。,candidate,2026-06-13T08:14:50+00:00
12f7b701009d9d9a,PC Watch,PC・ガジェット,半固体バッテリ採用の10.1型2in1、FRONTIERから発売,https://pc.watch.impress.co.jp/docs/news/2116763.html,2026-06-12T16:26:49+09:00,"FRONTIERは6月12日、業界初をうたう半固体リチウムイオンバッテリ採用10.1型2in1「FRT300P」を発売した。直販価格は5万9,800円。",candidate,2026-06-13T08:14:50+00:00
92844d2459785cda,PC Watch,PC・ガジェット,ベルキン、3画面出力や96W給電対応のThunderbolt 4ドック,https://pc.watch.impress.co.jp/docs/news/2116701.html,2026-06-12T13:30:26+09:00,"ベルキンは6月12日、最大3画面出力や96W給電などに対応するThunderbolt 4ドック「Belkin Connect Thunderbolt 4 Dock 14-in-1 ドッキングステーション」を発売した。価格は5万2,300円。",candidate,2026-06-13T08:14:50+00:00
fc3ad24d933ee785,PC Watch,PC・ガジェット,【本日みつけたお買い得品】Core i9-14900HX搭載ミニPCが11万円台。ACEMAGIC 4周年記念セール,https://pc.watch.impress.co.jp/docs/news/todays_sales/2116696.html,2026-06-12T12:56:44+09:00,ACEMAGIC公式サイトにおいて4周年記念セールが開催されている。期間は7月3日まで。,candidate,2026-06-13T08:14:50+00:00
03914e69559ee5c0,PC Watch,PC・ガジェット,究極のデスク環境を体験、Elgato×PREDUCTSの初共同イベントが12日一般公開,https://pc.watch.impress.co.jp/docs/news/2116674.html,2026-06-12T12:44:21+09:00,Stream Deckを始めとしたElgatoの、そしてモジュール型デスクを始めとしたPREDUCTSの人気製品を実際に体験できるイベント「自由を配置する道具展『WORK FLOW』」が6月11日から14日の会期で開催されている。11日はプレスおよび招待者のみだが、12日からは誰でも無料で入場できる。場所は「PREDUCTS FACTORY」(東京都世田谷区世田谷3-7-7)。開催時間は13時から18時。,candidate,2026-06-13T08:14:50+00:00
b3be337983235ee7,PC Watch,PC・ガジェット,小中高生向け「手づくりレッツノート工房」、最新SC7/FC7の組み立て体験,https://pc.watch.impress.co.jp/docs/news/2116689.html,2026-06-12T12:42:20+09:00,パナソニック コネクトグループは、モバイルノートPC「レッツノートSC7」および「レッツノートFC7」を組み立てられる親子向けイベント「手づくりレッツノート工房」を8月1日に開催する。これに伴い、6月12日より参加者の募集を開始した。,candidate,2026-06-13T08:14:50+00:00
0f04d9a46815584a,PC Watch,PC・ガジェット,Codex、利用制限リセットの「貯蓄」に対応。好きなときに使えるように,https://pc.watch.impress.co.jp/docs/news/2116665.html,2026-06-12T12:17:56+09:00,OpenAIは6月12日、AIコーディングツール「Codex」において、利用制限(レートリミット)のリセットを貯めておき、任意のタイミングで使うことができる機能を導入したと発表した。対象はGo、Plus、Pro、Businessユーザー。,candidate,2026-06-13T08:14:50+00:00
75e3c455a0aa9450,PC Watch,PC・ガジェット,MINISFORUM、最大200TBも可能なRyzen AI Max搭載NASキット,https://pc.watch.impress.co.jp/docs/news/2116653.html,2026-06-12T12:04:17+09:00,"MINISFORUMは、Ryzen AI Max+ 395搭載の高性能NASキット「N5 MAX」を発表した。直販では現在、64GBメモリ+128GB SSD搭載モデルを44万7,999円にて販売中で、7月10日の出荷を予定している。",candidate,2026-06-13T08:14:50+00:00
dc9101c5a64c9f50,PC Watch,PC・ガジェット,【創刊30周年特別企画】リアル参加型イベント「COMPUTEX 2026 報告会」を開催します,https://pc.watch.impress.co.jp/docs/news/2116413.html,2026-06-12T12:00:00+09:00,いつもPC Watchを応援いただき、誠にありがとうございます。おかげさまでPC Watchは、今年で創刊30周年を迎えます。,candidate,2026-06-13T08:14:50+00:00
7d2ebfb606ae57b8,PC Watch,PC・ガジェット,JAPANNEXT、23.8型WQHD/180Hz対応ゲーミングモニターなど5製品を発売,https://pc.watch.impress.co.jp/docs/news/2116640.html,2026-06-12T11:54:55+09:00,"JAPANNEXTは6月11日、WQHD(2,560×1,440ドット)対応ゲーミングモニター4機種とモバイルモニター1機種、計5製品を発売した。",candidate,2026-06-13T08:14:50+00:00
c34c6aad36864b4f,PC Watch,PC・ガジェット,【本日みつけたお買い得品】「松屋」のピラフや餃子などが食べられる13種30食セットが約8千円引き！,https://pc.watch.impress.co.jp/docs/news/todays_sales/2116658.html,2026-06-12T11:52:10+09:00,"Amazonにおいて、松屋のどんぶり具材や、餃子、生姜焼きなどのおかず、13種30食分がセットになった「松屋 てんこ盛り福袋2024≪13種30食≫」が、直近価格の7,821円引きとなる6,579円で販売されている。1食あたりの価格は約219円。",candidate,2026-06-13T08:14:50+00:00
8f3a256d40905f74,PC Watch,PC・ガジェット,"【本日みつけたお買い得品】マグネット装着可能なポータブルSSDが約1,200円引き",https://pc.watch.impress.co.jp/docs/news/todays_sales/2116655.html,2026-06-12T11:49:48+09:00,"Amazonにおいて、BiWIN Techの容量1TBのポータブルSSD「Biwin Amber PM2000」が直近価格の1,199円引きとなる2万2,781円で販売されている。",candidate,2026-06-13T08:14:50+00:00
598b7eeb15053b54,家電 Watch,家電・生活用品,折りたためる扇風機 ガレージでも使えるUSB給電式,https://kaden.watch.impress.co.jp/docs/news/2116626.html,2026-06-12T17:04:00+09:00,"小泉成器は、折りたたみ式の扇風機「リビング扇風機 KLF-1863」を発売した。直販価格は11,800円。",candidate,2026-06-13T08:14:50+00:00
69413ef5799e08c2,家電 Watch,家電・生活用品,デカすぎるハンディファン「ゴリラの扇風機」本当に顔全体が涼しい!,https://kaden.watch.impress.co.jp/docs/news/2116750.html,2026-06-12T15:35:00+09:00,ドウシシャが3月に発売した「ゴリラの扇風機 GRF-2601B」は、一般的なハンディファンよりもかなり大きなサイズが特徴。発売前から入荷待ちが続出したという同機を実際に試してきた。,candidate,2026-06-13T08:14:50+00:00
4889074d7bf97c87,家電 Watch,家電・生活用品,照明一体プロジェクターAladdin、明るいレーザーで4K高画質,https://kaden.watch.impress.co.jp/docs/news/2116676.html,2026-06-12T12:25:10+09:00,"Aladdin Xは、照明一体型プロジェクター「Aladdin X3 Laser 4K」を6月23日より発売する。価格は249,800円。予約は6月12日より開始する。既存のAladdin X照明プロジェクターユーザー向けに、7月31日まで149,800円の特別価格も用意する。",candidate,2026-06-13T08:14:50+00:00
c0fa50b119a0dc4c,家電 Watch,家電・生活用品,アイリスオーヤマ、ペットボトルサイズの大容量バッテリー,https://kaden.watch.impress.co.jp/docs/news/2116256.html,2026-06-12T12:04:00+09:00,"アイリスオーヤマは、スリムな筒形で持ち運びやすい容量40,000mAh(128Wh)の「バッテリーステーション ボトル型 IBT-B40065-W」を、6月11日に発売した。直販価格は19,800円。",candidate,2026-06-13T08:14:50+00:00
95d00555eec9b083,家電 Watch,家電・生活用品,エコバックスの小型窓拭きロボ、強力吸着とミストで汚れ落とす,https://kaden.watch.impress.co.jp/docs/news/2116213.html,2026-06-12T11:04:00+09:00,"エコバックスジャパンは、窓拭きロボットのコンパクトモデル「WINBOT mini 2(ウィンボット・ミニ・ツー)」を、6月10日に発売した。価格はオープンプライスで、直販価格は49,800円。",candidate,2026-06-13T08:14:50+00:00
be2d0597bf8a83e9,家電 Watch,家電・生活用品,個性的な特定原付を見てきた。折りたたんでコインロッカー収納、ソーラー自動充電も,https://kaden.watch.impress.co.jp/docs/news/2107259.html,2026-06-12T10:04:00+09:00,この数年、電動キックボードをはじめ、さまざまな特定小型原動機付自転車(以下、特定原付)が登場しています。16歳以上なら免許不要・ヘルメット努力義務で乗れる電動モビリティですが、いくつかの基準があります。,candidate,2026-06-13T08:14:50+00:00
a3beeefdafc06468,家電 Watch,家電・生活用品,洗濯失敗のニオイ問題に、木村石鹸の洗濯洗剤,https://kaden.watch.impress.co.jp/docs/column/kaji/2115857.html,2026-06-12T09:04:00+09:00,菜種梅雨だの穀雨だのといえば雅で美しく感じるものだが、春のある日に我が家の娘たちが相次いで「やべー季節が来たわ」と言いながら帰ってきたことがあった。「昨日今日電車ん中めっちゃくさい」。「わかる。朝も臭い、夜もくさい」「雨降るといきなりくさみ増すのあれ何」「マジの梅雨とかくるの既に憂鬱なんですけど」。,candidate,2026-06-13T08:14:50+00:00
c35a924a1fd8cf50,家電 Watch,家電・生活用品,【家電レビュー】象印のサーキュレーターが万能! 部屋干しにも冷房にも,https://kaden.watch.impress.co.jp/docs/column_review/kaden/2112558.html,2026-06-12T08:04:00+09:00,"4月に象印マホービンから登場した「2WAY サーキュレーター RC-AA30」(直販価格は21,780円)。早速製品を借りて、試してみました。",candidate,2026-06-13T08:14:50+00:00
97bb72eccb7a55d5,家電 Watch,家電・生活用品,きゅうりが食べたい! 100均グッズでベランダ水耕栽培,https://kaden.watch.impress.co.jp/docs/column/puko/2116378.html,2026-06-12T07:04:00+09:00,関東も梅雨入りして、気温は少しだけ落ち着いたものの、お天気に振り回されるこの頃。週末は家庭菜園で畑仕事をしたいので、「平日は多少雨が降ってもいいから、どうか週末は降りませんように」と、天気予報と睨めっこしながら祈ったりしている。,candidate,2026-06-13T08:14:50+00:00
b4622c5fa961b23b,家電 Watch,家電・生活用品,ヤマダの10万円台ドラム洗濯機、乾燥フィルター掃除不要,https://kaden.watch.impress.co.jp/docs/news/2116231.html,2026-06-11T18:22:56+09:00,"ヤマダホールディングスは、オリジナルブランド「YAMADA Products(ヤマダプロダクツ)」のサブブランド「RORO(ロロ)」から、液体洗剤・柔軟剤自動投入機能を搭載した斜めドラム式洗濯乾燥機「YWM-YV90P」を、6月13日に発売する。全国のヤマダデンキ店舗(一部を除く)および直販サイト「ヤマダウェブコム」で販売し、直販価格は109,780円。",candidate,2026-06-13T08:14:50+00:00
c1dcb9b64a4273c8,家電 Watch,家電・生活用品,岩谷のミルサー、軽くて割れにくい容器で手入れラク,https://kaden.watch.impress.co.jp/docs/news/2115904.html,2026-06-11T12:15:00+09:00,"岩谷産業は、調理家電「ミルサー」シリーズから、軽量化と省スペースを両立させた新モデル「スリムミルサー ライト IFM-600LT」を、6月8日に発売した。価格はオープンプライス。直販価格は9,980円。",candidate,2026-06-13T08:14:50+00:00
e300c9f0d5f15e9b,家電 Watch,家電・生活用品,シャープ、超薄型な掃除機 壁際に置きやすい,https://kaden.watch.impress.co.jp/docs/news/2116258.html,2026-06-11T11:46:30+09:00,"シャープは、設置面積を大幅に抑えたコードレススティック掃除機「RACTIVE Air STATION(ラクティブ エア ステーション) EC-CR1」を8月6日に発売する。価格はオープンで、市場想定価格は85,000円前後。",candidate,2026-06-13T08:14:50+00:00
febbd54170f49ff1,家電 Watch,家電・生活用品,5L大容量の電気ポット カップで押して注ぐスイッチも,https://kaden.watch.impress.co.jp/docs/news/2115855.html,2026-06-11T11:04:00+09:00,"ダイアモンドヘッドは、「ROOMMATE(ルームメイト)」ブランドから、容量5Lの「ROOMMATE BIG電気ポット 5L RM-242H」を、6月9日に発売した。実売価格は6,480円前後。",candidate,2026-06-13T08:14:50+00:00
74b6738c71c481b5,家電 Watch,家電・生活用品,【カルディ】おうちで旅行気分! 和えるだけでガーリックシュリンプ簡単にできた【今日のうまい！】,https://kaden.watch.impress.co.jp/docs/column/umai/2110687.html,2026-06-11T10:04:00+09:00,毎日の献立がマンネリ気味、もう一品欲しいけれど手間はかけたくない、そんな時に活躍してくれるのが、カルディコーヒーファームの料理の素。食材に和える、もしくは混ぜるだけの簡単調理で、いつもとは違うテイストに仕上がる便利な調味ソースです。,candidate,2026-06-13T08:14:50+00:00
ee102979344409f8,家電 Watch,家電・生活用品,ミストと風の合わせ技が涼しすぎ! シャークのハンディファンがよかった【今日のいいね！】,https://kaden.watch.impress.co.jp/docs/column/iine/2111693.html,2026-06-11T09:04:00+09:00,夏の必須アイテムとしてUSBハンディファンが定着して久しく、様々なブランドから工夫を凝らした新製品が続々とリリースされている。,candidate,2026-06-13T08:14:50+00:00
2af5dabc10725fbd,ケータイ Watch,通信・スマホ,MOTTERU、MagSafe対応の車載ホルダー発売,https://k-tai.watch.impress.co.jp/docs/news/2116337.html,2026-06-13T12:00:00+09:00,モッテル（MOTTERU）は、MagSafe対応のマグネット式車載ホルダー「MOT-MGCH02」を発売した。価格は2980円。数量限定のモニターセールでは1980円で販売される。,candidate,2026-06-13T08:14:50+00:00
8d94e81d13242e6a,ケータイ Watch,通信・スマホ,MOTTERU、スタンドにもなるスマホリングなど5製品発表 数量限定価格で販売も,https://k-tai.watch.impress.co.jp/docs/news/2116730.html,2026-06-13T10:00:00+09:00,MOTTERUは12日、スマホリングやメタルリングステッカーなどの、スマホアクセサリー5製品を発表した。6月上旬から順次発売される。,candidate,2026-06-13T08:14:50+00:00
dbec2fd573726d90,ケータイ Watch,通信・スマホ,ランニングアプリ「Run Supporter by NAVITIME」登場、信号回避や完走認定も,https://k-tai.watch.impress.co.jp/docs/news/2116719.html,2026-06-13T08:00:00+09:00,ナビタイムジャパンは12日、ランニングアプリ「Run Supporter by NAVITIME」をリリースした。基本機能は無料で利用できる。,candidate,2026-06-13T08:14:50+00:00
d06a527d5dd65793,ケータイ Watch,通信・スマホ,PS5が実質月額980円に、NURO 光のリースプランが値下げリニューアル,https://k-tai.watch.impress.co.jp/docs/news/2116459.html,2026-06-13T08:00:00+09:00,ソニーネットワークコミュニケーションズは、光回線サービス「NURO 光」で、PlayStation 5のリースプラン「PlayStation 5 for NURO」のリニューアルを発表した。,candidate,2026-06-13T08:14:50+00:00
ac47e0fb7c3005dc,ケータイ Watch,通信・スマホ,Fire TV、ホーム画面上部に「サッカーハブ」設置 試合中継や関連コンテンツを集約,https://k-tai.watch.impress.co.jp/docs/news/2116884.html,2026-06-13T06:00:00+09:00,アマゾンジャパンは、一部のFire TVシリーズ向けに提供中の新ユーザーインターフェースにおいて、期間限定で「サッカーハブ」を設置したことを発表した。表示される期間は7月20日まで。,candidate,2026-06-13T08:14:50+00:00
7b6b2b48240d0d3b,ケータイ Watch,通信・スマホ,iPhoneで車内が空間オーディオに、カロッツェリア40周年で限定サイバーナビなど新型続々,https://k-tai.watch.impress.co.jp/docs/news/2116807.html,2026-06-12T18:18:38+09:00,ブランド誕生から40周年を迎えるパイオニアの「カロッツェリア」。節目となる2026年は、ディスプレイオーディオやカーナビなど、新製品が多数登場した。本稿では、「Dolby Atmos」による空間オーディオに対応したディスプレイオーディオ「DMH-SF1000」をはじめ、4000台限定の「サイバーナビ LIMITED EDITION」などを紹介する。,candidate,2026-06-13T08:14:50+00:00
ac25527ac8366515,ケータイ Watch,通信・スマホ,北海道限定、dポイント利用で抽選で最大1万ポイント還元,https://k-tai.watch.impress.co.jp/docs/news/2116838.html,2026-06-12T17:07:20+09:00,NTTドコモは、「dポイントクラブ」の利用者情報登録を北海道に設定している会員を対象に、対象店舗で合計500ポイント以上を利用すると、抽選で毎月最大1万ポイントをプレゼントするキャンペーンを実施する。キャンペーン期間は7月1日～12月31日で、抽選は各月ごとに行われる。,candidate,2026-06-13T08:14:50+00:00
2cd0b388080a99df,ケータイ Watch,通信・スマホ,QTモバイル、「motorola edge 60」や「Xiaomi 17T 256GB」など発売,https://k-tai.watch.impress.co.jp/docs/news/2116804.html,2026-06-12T16:11:46+09:00,QTnetは、MVNOサービス「QTモバイル」で、6月12日より新たに「motorola edge 60」、「Xiaomi 17T 256GB」、「Xiaomi 17T Pro 256GB」、「REDMI Pad 2 9.7 4G 128GB」の販売を開始した。,candidate,2026-06-13T08:14:50+00:00
bc8064280a819371,ケータイ Watch,通信・スマホ,ドアでバーチャル空間に、ドコモとNAISTのMR技術「World Link Door」実証実験へ,https://k-tai.watch.impress.co.jp/docs/news/2116801.html,2026-06-12T15:47:12+09:00,NTTドコモと奈良先端科学技術大学院大学（NAIST）は、複合現実（MR：Mixed Reality）技術「World Link Door」を活用した体験型実証実験を、日本科学未来館で7月に開始する。装着した「Apple Vision Pro」を通じて、リアル空間の扉をくぐりバーチャル空間の宇宙へ移動する体験ができる。,candidate,2026-06-13T08:14:50+00:00
56a000290de8a63e,ケータイ Watch,通信・スマホ,ドコモの「dカード」が「Google Pay」に対応,https://k-tai.watch.impress.co.jp/docs/news/2116776.html,2026-06-12T15:00:46+09:00,NTTドコモは、クレジットカード「dカード」の「Google Pay」への対応を開始した。,candidate,2026-06-13T08:14:50+00:00
f10be5b34a223651,ケータイ Watch,通信・スマホ,KDDI、光電融合技術関連のスタートアップに特化した「IOWN AI Fund」に出資,https://k-tai.watch.impress.co.jp/docs/news/2116722.html,2026-06-12T13:23:26+09:00,KDDIは、通信における電力消費の効率化につながる光電融合技術関連のスタートアップに特化した投資ファンド「IOWN AI Fund」への出資を発表した。,candidate,2026-06-13T08:14:50+00:00
0f0ae9744c8239f0,ケータイ Watch,通信・スマホ,Google、中小ビジネス向けに「Gemini」活用の新機能,https://k-tai.watch.impress.co.jp/docs/news/2116692.html,2026-06-12T12:48:33+09:00,Googleは、中小企業のビジネスオーナー向けに生成AI「Gemini」を活用した新機能を提供する。,candidate,2026-06-13T08:14:50+00:00
67b1c3d6e838a2a8,ケータイ Watch,通信・スマホ,「ホットペッパービューティー」リピート利用で最大30％還元,https://k-tai.watch.impress.co.jp/docs/news/2116683.html,2026-06-12T12:42:41+09:00,リクルートは、同社が運営するヘアサロン・リラク＆ビューティーサロンの検索・予約サービス「ホットペッパービューティー」で、ポイント還元キャンペーン「ビビビ祭 for リピート」を開催する。,candidate,2026-06-13T08:14:50+00:00
16014b1c6f2e0cad,ケータイ Watch,通信・スマホ,Amazon Pay→DMMポイントチャージで1000円相当が当たる、17日～,https://k-tai.watch.impress.co.jp/docs/news/2116637.html,2026-06-12T11:36:39+09:00,"DMM.comは、「Amazon Payでチャージ！抽選で1,000名様に1,000円分のDMMポイントプレゼント」キャンペーンを開催する。期間は6月17日～30日。",candidate,2026-06-13T08:14:50+00:00
7ebcf25d43b4313e,ケータイ Watch,通信・スマホ,[てっぱんアプリ！] ブラウザのホームページを「start.me」で自分好みにしよう,https://k-tai.watch.impress.co.jp/docs/column/teppan/2116458.html,2026-06-12T00:00:00+09:00,スマホを、もっと楽しく快適に使うには、アプリを活用しよう。本コーナーでは、続々登場する旬なアプリの中から編集部が厳選した、スマホユーザー必携の“てっぱん”アプリをご紹介します！,candidate,2026-06-13T08:14:50+00:00
0a157a3f3885ca7c,ケータイ Watch,通信・スマホ,FIFAワールドカップ2026開幕、どこで見られる？ 日本代表はいつ出場？,https://k-tai.watch.impress.co.jp/docs/news/2116441.html,2026-06-12T00:00:00+09:00,4年に1度のサッカーW杯「FIFAワールドカップ2026」が12日（日本時間）に開幕を迎える。開会式は同日2時30分に開始され、開幕戦のメキシコ対南アフリカは4時キックオフだ。日本代表の初戦は対オランダ戦で、15日5時にキックオフ。本稿では、スマホなどでの視聴方法や楽しみ方をまとめてご紹介する。,candidate,2026-06-13T08:14:50+00:00
b3386a0af1d6ebfa,ケータイ Watch,通信・スマホ,品質改善に取り組むドコモ、ローミング終了目前の楽天モバイルの次の一手[法林岳之・石川温・石野純也・佐藤文彦のスマホ会議（仮）],https://k-tai.watch.impress.co.jp/docs/column/congress/2114565.html,2026-06-12T00:00:00+09:00,通信業界を中心に活躍するライター4人と編集長関口による「スマホ会議（仮）」。今回は決算会見の内容をもとに、通信キャリアの動向について話し合っていきます。,candidate,2026-06-13T08:14:50+00:00
a5ea809d54e40b5c,ケータイ Watch,通信・スマホ,ドコモとタイミーが協業、スキマバイト向けに独自の銀行・金融サービス提供へ検討本格化,https://k-tai.watch.impress.co.jp/docs/news/2116449.html,2026-06-11T17:58:58+09:00,NTTドコモと住信SBIネット銀行、タイミーは11日、新たなサービス設計に向けた検討を本格化させると発表した。,candidate,2026-06-13T08:14:50+00:00
06888811b2f0f583,ケータイ Watch,通信・スマホ,「日本通信アプリ」がアップデート、マイナカードで本人確認と安全ログインを実現,https://k-tai.watch.impress.co.jp/docs/news/2116455.html,2026-06-11T17:37:39+09:00,日本通信は11日、FPoS（Fintech Platform over SIM）に対応した「日本通信アプリ」の新バージョンの提供を開始した。マイナンバーカードを用いた署名検証によりスマートフォンへ認定電子証明書を発行し、安全かつ簡単な本人確認やマイページへのログインを可能にする。,candidate,2026-06-13T08:14:50+00:00
a01f63862f42ee31,ケータイ Watch,通信・スマホ,Amazon、「arrows We3」予約開始 4万2000円～,https://k-tai.watch.impress.co.jp/docs/news/2116401.html,2026-06-11T15:46:57+09:00,Amazon.co.jpで、FCNT製のAndroidスマートフォン「arrows We3」が6月25日に発売される。価格は4万2000円～。予約受付がスタートしている。,candidate,2026-06-13T08:14:50+00:00
86f0da19c10634d9,ケータイ Watch,通信・スマホ,ドコモ「GALAXY S5 ACTIVE」と「AQUOS ZETA」で10月以降音声通話ができない恐れ、9月までの設定変更を案内,https://k-tai.watch.impress.co.jp/docs/news/2116402.html,2026-06-11T15:43:39+09:00,NTTドコモは11日、「GALAXY S5 ACTIVE SC-02G」と「AQUOS ZETA SH-03G」について、10月1日以降音声通話ができなくなる不具合が発生すると発表した。9月30日まで端末の設定を変更するよう案内している。,candidate,2026-06-13T08:14:50+00:00
6654b904f047f980,ケータイ Watch,通信・スマホ,サムスンが「Samsung AI Week」開催、Webでは対象製品との同時購入で最大1万5000円割引,https://k-tai.watch.impress.co.jp/docs/news/2116353.html,2026-06-11T15:00:11+09:00,サムスン電子ジャパンは、対象製品がセール価格で購入できる「Samsung AI Week」を、「Samsungオンラインショップ」と「Galaxy Harajuku」「Galaxy Studio Osaka」で開催している。期間は30日まで。,candidate,2026-06-13T08:14:50+00:00
05dd16116d99111e,ケータイ Watch,通信・スマホ,mineo、コンパクトなエントリーモデル「arrows We3」を25日発売,https://k-tai.watch.impress.co.jp/docs/news/2116323.html,2026-06-11T14:55:42+09:00,オプテージは、MVNOサービス「mineo」で、FCNTのスマートフォン「arrows We3」を25日に発売する。価格は4GB/64GBモデルが3万9864円、8GB/128GBモデルが5万3856円。,candidate,2026-06-13T08:14:50+00:00
df5aadd9bdb54cde,ケータイ Watch,通信・スマホ,ドコモビジネスが「docomo business SIGN VPaaS」発表、旧型カメラもつながる映像AIプラットフォーム,https://k-tai.watch.impress.co.jp/docs/news/2116345.html,2026-06-11T14:50:37+09:00,NTTドコモビジネスは、多様なカメラから映像を収集・蓄積・分析できる映像AIプラットフォームサービス「docomo business SIGN VPaaS」の提供を開始した。,candidate,2026-06-13T08:14:50+00:00
62125f591f7d7f77,ケータイ Watch,通信・スマホ,IIJmioで未使用品「iPhone 17e」「Pixel 10a」発売,https://k-tai.watch.impress.co.jp/docs/news/2116331.html,2026-06-11T14:47:07+09:00,IIJ（インターネットイニシアティブ）は11日、MVNOサービス「IIJmio」で中古未使用品の「iPhone 17e」（256GB）と「Google Pixel 10a」（128GB）の販売を開始した。両端末は「のりかえ価格」の対象。,candidate,2026-06-13T08:14:50+00:00
db01bc4ffaddffd2,ケータイ Watch,通信・スマホ,ドコモ、「dカード」の本人確認でiPhoneのマイナンバーカードに対応,https://k-tai.watch.impress.co.jp/docs/news/2116309.html,2026-06-11T12:58:05+09:00,NTTドコモは、「dカード」のオンライン入会手続きにおける本人確認で、iPhoneのマイナンバーカードに対応した。,candidate,2026-06-13T08:14:50+00:00
c34b59c09835ff6a,ケータイ Watch,通信・スマホ,Netflix、スマホアプリ刷新へ 縦型動画追加など,https://k-tai.watch.impress.co.jp/docs/news/2116305.html,2026-06-11T12:57:20+09:00,Netflixは、モバイルアプリの刷新やゲーム機能の拡充といった、アジア太平洋地域向けの最新情報を発表した。モバイル向けのアップデートについては、日本と韓国では7月の提供開始で、そのほかのAPAC諸国でも今後展開される予定だ。,candidate,2026-06-13T08:14:50+00:00
4d58fc4980413911,ケータイ Watch,通信・スマホ,Insta360 GO Ultraがインスタントカメラに、撮影アクセサリー「PGYTECH GO Ultra FunCam ケースキット」発売,https://k-tai.watch.impress.co.jp/docs/news/2116272.html,2026-06-11T12:13:26+09:00,「PGYTECH（ピージーワイテック）」の日本総代理店セキドは、Insta360 GO Ultra用の撮影アクセサリー「PGYTECH GO Ultra FunCam ケースキット」を発売した。価格は2万2000円。,candidate,2026-06-13T08:14:50+00:00
86e71fc320ca9124,ケータイ Watch,通信・スマホ,IIJから「arrows We3」25日発売、MNPで2万円～,https://k-tai.watch.impress.co.jp/docs/news/2116267.html,2026-06-11T12:02:35+09:00,インターネットイニシアティブ（IIJ）は、FCNT製のAndroidスマートフォン「arrows We3」を6月25日10時に発売する。価格は4万2000円～。他社からの乗り換え（MNP転入）で特別価格1万9800円～で購入できる。,candidate,2026-06-13T08:14:50+00:00
1a77e00fde2bebd2,ケータイ Watch,通信・スマホ,楽天モバイル、「スマホ交換保証プラス＆家電補償」の月額料金を改定,https://k-tai.watch.impress.co.jp/docs/news/2116263.html,2026-06-11T11:59:18+09:00,楽天モバイルは、オプションサービス「スマホ交換保証プラス＆家電補償」の月額利用料を6月17日に改定する。,candidate,2026-06-13T08:14:50+00:00
4d141b68deb11dfd,AV Watch,AV・ガジェット,編集後記2026年6月12日,https://av.watch.impress.co.jp/docs/common/kouki/2116889.html,2026-06-12T22:19:13+09:00,浜松で面白いスピーカーを聴いてきました。4モデルの中で、サウンド面で個人的に一番グッときたのは「ホルン」。デスクトップで、熱気と美しい響きが味わえつつ、空間も広いという面白さ。ぜひ製品化もお願いしたいところ。,candidate,2026-06-13T08:14:50+00:00
5a06d971591321f4,AV Watch,AV・ガジェット,ブラビア“True RGB”の色彩表現を活かした映画『OPTI』ソニーストアで上映。アマプラは7月配信,https://av.watch.impress.co.jp/docs/news/2116919.html,2026-06-12T22:18:11+09:00,ソニーマーケティングは、クリエイターと映像制作の未来を共創する取り組みの一環として、「BRAVIA 9 II」の高純度な色彩表現とホームシアターシステム「BRAVIA Theatre Trio」の立体音響を活かした短編映画『OPTI(オプティ)】を制作した。6月13日から全国のソニーストア5店舗で上映するほか、7月12日からはAmazon Prime Videoで独占配信する。,candidate,2026-06-13T08:14:50+00:00
57e13797f9136068,AV Watch,AV・ガジェット,嵐ラストライブ、見逃し配信は15日23時59分まで,https://av.watch.impress.co.jp/docs/news/2116875.html,2026-06-12T19:00:00+09:00,"5月31日に東京ドームで行なわれた嵐のライブ『ARASHI LIVE TOUR 2026 「We are ARASHI」』の見逃し配信が行なわれている。配信期間は6月15日23時59分までで、一般向け視聴チケットは6,000円。",candidate,2026-06-13T08:14:50+00:00
6e9542e355b1debc,AV Watch,AV・ガジェット,アニメ「日本三国」がPrime Videoで4月配信の新作アニメ視聴者数No.1に,https://av.watch.impress.co.jp/docs/news/2116874.html,2026-06-12T18:08:33+09:00,アニメ「日本三国」が、Prime Videoで4月に配信開始した新作アニメシリーズで視聴者数No.1を記録。Prime Videoの非英語圏TVシリーズ視聴数TOP10ランキングにも2週連続でランクインした。,candidate,2026-06-13T08:14:50+00:00
e1d3b92a9bb18b97,AV Watch,AV・ガジェット,Amazon、Fire TV Stickの新UIに期間限定「サッカーハブ」。サッカー関連コンテンツを手軽に,https://av.watch.impress.co.jp/docs/news/2116786.html,2026-06-12T17:00:00+09:00,Amazonは、4月に発売を開始した最新の「Fire TV Stick HD」と、2023年発売「Fire TV Stick 4K Max」、「Fire TV Stick 4K Plus」向けに提供している新ユーザーインターフェース上に、期間限定で「サッカーハブ」を12日から設置した。サッカー試合のライブ中継や、サッカー関連のコンテンツなど、サッカーに関する内容が手軽に楽しめる。期間は7月20日まで。Fire TV上で期間限定の専用タブを設置するのは、日本で初めての試み。,candidate,2026-06-13T08:14:50+00:00
d6a4b7ced7b25ac9,AV Watch,AV・ガジェット,光るボックススピーカーも組み合わせて車内Dolby Atmos。カロッツェリア新商品体験会,https://av.watch.impress.co.jp/docs/news/2116823.html,2026-06-12T16:43:25+09:00,パイオニアは、カロッツェリアのDolby Atmos対応ディスプレイオーディオや“サイバーナビ史上最高音質”を実現した「サイバーナビ LIMITED EDITION」などを体験できる「2026年夏 カロッツェリア新商品体験会」を、6月12日～13日にベルサール秋葉原で開催する。12日にはメディア向け体験会が行なわれ、新製品のこだわりなどが紹介された。,candidate,2026-06-13T08:14:50+00:00
7757628647c3f16c,AV Watch,AV・ガジェット,Cambridge Audio、ネットワークプレーヤーやアンプ、CDプレーヤーなど10モデル,https://av.watch.impress.co.jp/docs/news/2116816.html,2026-06-12T16:27:22+09:00,エミライは、英Cambridge Audio製品の取り扱いを開始。ネットワークプレーヤー、プリメインアンプ、CDプレーヤー、CDトランスポート、フォノアンプなど10モデルを6月19日より順次発売する。ラインナップと市場想定価格は以下の通り。,candidate,2026-06-13T08:14:50+00:00
02fdc2efe687a9ad,AV Watch,AV・ガジェット,LETSHUOER、ギリシャ神話から着想を得た最上位イヤフォン「Sonata」。2DD+4BA+4EST,https://av.watch.impress.co.jp/docs/news/2116758.html,2026-06-12T16:00:00+09:00,"ナイコムは、LETSHUOERの最上位有線イヤフォン「Sonata」を6月19日に発売する。価格は396,000円。10ドライバー構成のトライブリッドIEMとなっている。",candidate,2026-06-13T08:14:50+00:00
be28a9648d82bffb,AV Watch,AV・ガジェット,Amazon Payでチャージすると、抽選で1000人に1000円分のDMMポイントが当たるキャンペーン,https://av.watch.impress.co.jp/docs/news/2116741.html,2026-06-12T14:39:49+09:00,"DMM.comは、Amazon Payのユーザーを対象に、「Amazon Payでチャージ！抽選で1,000名様に1,000円分のDMMポイントプレゼント」キャンペーンを、6月17日から6月30日まで実施。期間中、Amazon Payで一度に3,000円以上のDMMポイントをチャージすると、抽選で1,000人に1,000円分のDMMポイントがプレゼントされる。",candidate,2026-06-13T08:14:50+00:00
8d27522b186fb540,AV Watch,AV・ガジェット,ビックカメラで、デノンの空間オーディオWi-Fiスピーカー試聴会。新宿西口店/有楽町店,https://av.watch.impress.co.jp/docs/news/2116716.html,2026-06-12T13:41:47+09:00,ビックカメラの新宿西口店、有楽町店において、クラウドファウンディングで話題となった、デノンの空間オーディオ対応Wi-Fiスピーカー「DENON HOME 200」「DENON HOME 400」、「DENON HOME 600」の試聴会が開催される。日程と時間は以下の通り。,candidate,2026-06-13T08:14:50+00:00
0b6482e68d908446,AV Watch,AV・ガジェット,「リコリス・リコイル」×AVIOT完全ワイヤレス。ホットチョコパフェ型ポーチ付き,https://av.watch.impress.co.jp/docs/news/2116668.html,2026-06-12T13:00:00+09:00,"プレシードジャパンは、AVIOTブランドより、TVアニメ「リコリス・リコイル」とのコラボ完全ワイヤレスイヤフォン「TE-V1R-LYC」の予約受付を直販サイトにて開始した。価格は19,800円。配送予定日は8月下旬以降順次。",candidate,2026-06-13T08:14:50+00:00
17c3803ccf8ddb56,AV Watch,AV・ガジェット,照明一体型3in1プロジェクタ初の4K/3色レーザー「Aladdin X3 Laser 4K」登場,https://av.watch.impress.co.jp/docs/news/2116635.html,2026-06-12T11:33:00+09:00,"Aladdin Xは、照明一体型3in1プロジェクターで初となる、4K/3色レーザー搭載モデル「Aladdin X3 Laser 4K」の予約販売を12日に開始した。価格は249,800円で、発売予定日は6月23日。発売記念価格として179,800円(送料込)で販売する。",candidate,2026-06-13T08:14:50+00:00
37a95fab4c9d9101,AV Watch,AV・ガジェット,着脱式スピーカ採用のスポーツ用オーディオグラス「Amphium Stereo」,https://av.watch.impress.co.jp/docs/news/2116496.html,2026-06-12T10:00:00+09:00,"シンガポール発のスマートアイウェアブランド「Amphium」は、耳をふさがないオープンイヤー設計と音声認識を融合させたというスポーツ向けオーディオグラス「Amphium Stereo」を、6月12日から予約販売する。通常価格は19,800円だが、予約価格として15,800円でも販売する。",candidate,2026-06-13T08:14:50+00:00
0bbb7247c30784d0,AV Watch,AV・ガジェット,Cambridge Audio、小型で5万円を切るスピーカー「SX50」、よりスケール追求「SX60」も,https://av.watch.impress.co.jp/docs/news/2116490.html,2026-06-12T10:00:00+09:00,"エミライは、新たに日本で取り扱う英Cambridge Audioの製品として、パッシブ型のブックシェルフスピーカー2モデルを7月から順次発売する。価格はオープンで、ペアでの市場想定価格は「SX50」が44,000円前後、「SX60」が68,200円前後。",candidate,2026-06-13T08:14:50+00:00
81ef4ddb913c042c,AV Watch,AV・ガジェット,ヤマハが“新時代デスクトップスピーカー”をデザイン。ホルンに“蝶!?”謎の4スピーカーに迫る,https://av.watch.impress.co.jp/docs/topic/2113141.html,2026-06-12T08:00:00+09:00,発端は編集部に届いた1通のメール。差出人は、浜松にあるヤマハのデザイン研究所から。なんでも、「音と空間の関係性を再考する試みとして、デザイン志向スピーカーのコンセプトモデルを開発した」という。“音と空間の関係性を再考する”とは、どういう意味だろう？ 首をひねりつつ、添付されていた写真を開くと、そこにはスピーカーと言うより“オシャレなオブジェ”にしか見えない4つの姿が。,candidate,2026-06-13T08:14:50+00:00
79c958db26243bae,AV Watch,AV・ガジェット,7月放送の新アニメ「攻殻機動隊」プロモ映像第4弾。エンディングはMILLENNIUM PARADE,https://av.watch.impress.co.jp/docs/news/2116438.html,2026-06-11T20:00:00+09:00,7月7日からカンテレ・フジテレビ系全国ネットの“火アニバル!!”(毎週火曜日23時～)で放送開始となるTVアニメ「攻殻機動隊 THE GHOST IN THE SHELL」のエンディングテーマに、King Gnuの常田大希が主宰するMILLENNIUM PARADEの「Blue」が起用された。あわせて、同楽曲を使用したプロモーションビデオ第4弾も公開されている。,candidate,2026-06-13T08:14:50+00:00
227d80dbaab69b8d,AV Watch,AV・ガジェット,LG、タンデムOLEDのPCディスプレイ39型、31.5型。MLAパネルの44.5型曲面も,https://av.watch.impress.co.jp/docs/news/2116391.html,2026-06-11T19:00:00+09:00,LGエレクトロニクス・ジャパンは、マイクロレンズアレイ(MLA)による有機ELパネルを採用した44.5型5K2KのPCディスプレイ「45GX950B-B」、LGのタンデムOLEDを採用した39型5K2K解像度の「39GX950B-BAJP」、31.5型で4K解像度の「32GX870B-B」を11日に発売する。価格はいずれもオープン、市場想定価格は45GX950B-Bが33万円前後、39GX950B-BAJPが30万円前後、32GX870B-Bが23万円前後。,candidate,2026-06-13T08:14:50+00:00
01292470e7bd0e08,AV Watch,AV・ガジェット,ノーラン監督新作「オデュッセイア」新ビジュアル＆場面写真公開。ムビチケ前売券も,https://av.watch.impress.co.jp/docs/news/2116066.html,2026-06-11T18:00:00+09:00,9月11日に日本公開されるクリストファー・ノーラン監督の最新超大作「オデュッセイア」の新ビジュアルと場面写真が公開。あわせて、ムビチケ前売券の発売も決定した。配給はビターズ・エンド ユニバーサル映画。,candidate,2026-06-13T08:14:50+00:00
04c34c302d2c9317,AV Watch,AV・ガジェット,ディリゲント、デンマーク「AIAIAI」総代理店に。パーツ単体で交換・アップグレードできるヘッドフォンなど,https://av.watch.impress.co.jp/docs/news/2116290.html,2026-06-11T17:00:00+09:00,銀座十字屋のディリゲントは、デンマーク・コペンハーゲンのプレミアムオーディオブランド「AIAIAI」の日本総代理店業務を開始した。同ブランドの全製品ラインを国内の音楽クリエイター・アーティストに届けることを使命とし「日本の音楽・カルチャーシーンに深く根ざした展開を進めていく」という。詳細な展開情報は改めて告知される。,candidate,2026-06-13T08:14:50+00:00
dfa3460cf0a96b68,AV Watch,AV・ガジェット,カロッツェリア、秋葉原で新商品体験会。“光るボックススピーカー”など紹介,https://av.watch.impress.co.jp/docs/news/2116405.html,2026-06-11T16:01:02+09:00,パイオニアは、5月14日に発表したカロッツェリア新製品を一堂に展示し、デモカーなどでサウンドを体験できる「2026夏 カロッツェリア新商品体験会」を、6月12日～13日に東京・秋葉原のベルサール秋葉原で開催する。入場無料、事前予約不要だが、デモカー試聴体験の一部車両は事前の試聴予約を受け付けている。,candidate,2026-06-13T08:14:50+00:00
e2dc07a1e385ee35,ITmedia NEWS,IT・ニュース,“最小のインスタントカメラ”はポラロイドの撮影体験をどう変えたか 「Polaroid Go Gen 3」レビュー,https://www.itmedia.co.jp/news/articles/2606/13/news028.html,"Sat, 13 Jun 2026 12:50:00 +0900",「Polaroid Go Gen 3」は、まさに第3世代と呼ぶにふさわしい完成度。旅先やイベントで、友人や家族と一緒にサッと自撮りをするのが、これまでにないほど実用的で楽しくなりました。,candidate,2026-06-13T08:14:50+00:00
64d78df6e854ef76,ITmedia NEWS,IT・ニュース,「Claude Fable 5」「Mythos 5」全面停止 米政府の指令により Anthropicは早期復旧を宣言,https://www.itmedia.co.jp/news/articles/2606/13/news026.html,"Sat, 13 Jun 2026 10:50:00 +0900",米Anthropicは6月12日、最上位AIモデル「Claude Fable 5」「Claude Mythos 5」の提供を全ユーザーで停止すると発表した。米政府が安全保障を理由に、外国籍者のアクセス全面停止を命じる輸出規制指令を出したため。同社は指令に従う一方「誤解だ」として早期の復旧を目指すとしている。他のモデルへの影響はない。,candidate,2026-06-13T08:14:50+00:00
75659ef2c3e8d4dc,ITmedia NEWS,IT・ニュース,最新AI「Fable 5」でYouTube動画作ってみた 想像以上の出来に驚愕、ただし大きな弱点も,https://www.itmedia.co.jp/news/articles/2606/12/news113.html,"Sat, 13 Jun 2026 10:00:00 +0900",SNSも“動画隆盛”な昨今。AIを動画制作に活用する例も多いが、最新AI「Fable 5」だとどんなものができるだろうか。早速試してみた。,candidate,2026-06-13T08:14:50+00:00
5f69224f6ae0093c,ITmedia NEWS,IT・ニュース,SpaceX、NASDAQに上場――公開価格135ドル、初日終値は約19％高で約12兆円調達,https://www.itmedia.co.jp/news/articles/2606/13/news024.html,"Sat, 13 Jun 2026 06:34:00 +0900",SpaceXは、ナスダック市場に新規株式公開した。公開価格ベースで約750億ドル（約12兆円）を調達し、初日の終値時点で時価総額は約2兆1000億ドルに達した。サウジアラムコを上回る史上最大規模の新規上場となった。,candidate,2026-06-13T08:14:50+00:00
ef29720ebf94cc84,ITmedia NEWS,IT・ニュース,厚労省、Teamsチャット2年10カ月分が消失 東芝が作業ミス 一部は復元困難,https://www.itmedia.co.jp/news/articles/2606/12/news129.html,"Fri, 12 Jun 2026 23:14:00 +0900",厚生労働省が2023年1月4日から25年10月29日年に送信された「Microsoft Teams」のチャットが消失したと発表した。原因はシステム運用を委託していた東芝の作業ミス。消えたデータのうち、行政文書が含まれる一部チャットは復元が困難という。,candidate,2026-06-13T08:14:50+00:00
87bf35f5bb658d55,ITmedia NEWS,IT・ニュース,「メタプラネット証券」誕生へ Siiibo証券を21億円で買収、ビットコイン連動型金融商品の販売視野に,https://www.itmedia.co.jp/news/articles/2606/12/news126.html,"Fri, 12 Jun 2026 20:20:00 +0900",メタプラネットは6月12日、個人向け社債のオンラインプラットフォームを運営するSiiibo証券（東京都中央区）の全株式を取得し、完全子会社化すると発表した。取得価額は21億円。取得完了後には商号を「メタプラネット証券」に変更する予定だ。,candidate,2026-06-13T08:14:50+00:00
cda24d10c527b7b7,ITmedia NEWS,IT・ニュース,“11億円超資金流出”のはてな、通期最終赤字に転落見込み 被害額を特別損失に計上,https://www.itmedia.co.jp/news/articles/2606/12/news122.html,"Fri, 12 Jun 2026 17:30:00 +0900",はてなは6月12日、4月に公表した資金流出事案の被害最大額11億7900万円を特別損失として計上すると発表した。これに伴い2026年7月期の通期業績予想を下方修正し、当期純損益は7億6700万円の赤字に転落する見通しとなった。,candidate,2026-06-13T08:14:50+00:00
ab43611f9660d41e,ITmedia NEWS,IT・ニュース,「スマホ買取10％UP」実は終了後も同条件 ゲオストアで景品表示法違反 消費者庁,https://www.itmedia.co.jp/news/articles/2606/12/news112.html,"Fri, 12 Jun 2026 15:10:00 +0900",消費者庁は6月11日、スマートフォンとタブレットの買取サービスを巡り、期間限定キャンペーンをうたいながら実際には期限後も同等以上の条件で買い取っていたとして、ゲオストアに措置命令を出した。,candidate,2026-06-13T08:14:50+00:00
1149ecf9e24a2fd1,ITmedia NEWS,IT・ニュース,ニッチなのに累計55万個のヒット 「手のひらネットワーク機器」第4弾を見てきた 今回のテーマは？,https://www.itmedia.co.jp/news/articles/2606/12/news061.html,"Fri, 12 Jun 2026 14:30:00 +0900",Tインフラ機器を12分の1で再現したカプセルトイ「手のひらネットワーク機器」の第4弾が6月11日に発売された。テーマはInteropの「ShowNet」。会場では想定以上の売れ行きで、シリーズ累計出荷は55万個を超える。賛同、色、社名の縁と毎回変わる機種選定の裏側や、1人で何十個も買うファンの実態を仕掛け人に聞いた。,candidate,2026-06-13T08:14:50+00:00
0dcfde33737dcc3e,ITmedia NEWS,IT・ニュース,ANA、国内線リニューアルの混乱で「お詫び」 Xではオーバーブッキング巡る臆測も,https://www.itmedia.co.jp/news/articles/2606/12/news100.html,"Fri, 12 Jun 2026 13:30:00 +0900",全日本空輸（ANA）は6月11日、国内線サービスのリニューアルに伴い利用者に不便と心配をかけているとして、公式サイトにお詫びを掲載した。,candidate,2026-06-13T08:14:50+00:00
740457a88fb974aa,ITmedia NEWS,IT・ニュース,Starlink対抗の衛星ネット「Amazon Leo」 NTTが国内提供へ 災害時や離島でも“つながる回線”に,https://www.itmedia.co.jp/news/articles/2606/12/news095.html,"Fri, 12 Jun 2026 12:15:00 +0900",NTTは6月11日、グループ3社が米Amazonの衛星ブロードバンド通信サービス「Amazon Leo」の再販事業者契約を締結したと発表した。今後は技術検証などを進め、国内の法人・官公庁向けに提供体制を構築する。,candidate,2026-06-13T08:14:50+00:00
8a8dd94d79e56c26,ITmedia NEWS,IT・ニュース,公取委、KADOKAWAに勧告 フリーランス法違反、ライターなどに取引条件示さず,https://www.itmedia.co.jp/news/articles/2606/12/news085.html,"Fri, 12 Jun 2026 10:46:00 +0900",月刊誌などの制作を委託したフリーランスのライターやイラストレーターなど113人に対し、取引条件を書面で明示しなかったことなどがフリーランス法に違反するとして、是正を求める勧告を出した。,candidate,2026-06-13T08:14:50+00:00
d881831324904a06,ITmedia NEWS,IT・ニュース,DAZNに批判殺到 W杯「月980円」、実は年2万6340円……「騙された」「ダークパターン」,https://www.itmedia.co.jp/news/articles/2606/12/news081.html,"Fri, 12 Jun 2026 09:44:00 +0900",980円に見えるプランは最低でも2万6340円かかるため、「新手の詐欺」といった投稿が相次いでいる。,candidate,2026-06-13T08:14:50+00:00
0e8e0a2b5015964c,ITmedia NEWS,IT・ニュース,SIM挿すだけで量子安全、ドコモビジネスが開発中 迫る「Q-Day」でIoT機器にも“耐量子”の必要性,https://www.itmedia.co.jp/news/articles/2606/12/news058.html,"Fri, 12 Jun 2026 09:00:00 +0900",開催中の「Interop Tokyo 2026」で、NTTドコモビジネスが量子コンピュータでも解読できない暗号通信と相互認証をSIMカードに実装したシステムを展示している。物理SIMを挿すだけで、IoTデバイスも“量子安全”にできるのが特徴だ。なぜエッジデバイスの耐量子にSIMカードを使うのか、ブースで聞いた。,candidate,2026-06-13T08:14:50+00:00
96ace385f83cd30c,ITmedia NEWS,IT・ニュース,OpenAI、クラウド開発環境のOnaを買収 「Codex」の強化狙い,https://www.itmedia.co.jp/news/articles/2606/12/news072.html,"Fri, 12 Jun 2026 08:46:00 +0900",OpenAIは、クラウド開発環境を提供するOna（旧Gitpod）の買収を発表した。Onaのセキュアなクラウド実行基盤をAIコーディングツール「Codex」に統合し、エージェントがPCを離れても長時間稼働し続けられる環境を実現する狙いだ。,candidate,2026-06-13T08:14:50+00:00
352b60c5199a6962,ITmedia NEWS,IT・ニュース,任天堂、Switch 2多言語版に“買い占め”確認 「プレイ時間50時間以上」の購入制限復活,https://www.itmedia.co.jp/news/articles/2606/12/news071.html,"Fri, 12 Jun 2026 08:40:00 +0900",買い占めの疑いがある注文を複数確認したため、一時的に販売を停止していた。,candidate,2026-06-13T08:14:50+00:00
183ff5db7d60bf17,ITmedia NEWS,IT・ニュース,Waymo、月額29.99ドルの招待制サブスク「Waymo Premier」 優先配車や還元を提供,https://www.itmedia.co.jp/news/articles/2606/12/news070.html,"Fri, 12 Jun 2026 08:03:00 +0900",Alphabet傘下の自動運転企業Waymoは、招待制の月額サブスクリプションプログラム「Waymo Premier」を発表した。月額29.99ドルで、優先配車、10％のキャッシュバック、乗車キャンセルの無料化などの特典を受けられる。サンフランシスコなどの一部ユーザーから提供を開始し、順次拡大する。,candidate,2026-06-13T08:14:50+00:00
6d4d39e8c4427e1c,ITmedia NEWS,IT・ニュース,金はなぜ錆びずに輝き続ける？ 単に「酸素と結びつきにくい」だけじゃない 米大学が学術誌で発表,https://www.itmedia.co.jp/news/articles/2606/12/news023.html,"Fri, 12 Jun 2026 08:00:00 +0900",米テュレーン大学に所属する研究者らが学術誌Physical Review Lettersで発表した論文「Role of Reconstruction in the Inertness of Gold toward Oxygen」は、金がいつまでも美しい輝きを保ち続ける理由について明らかにした研究報告だ。,candidate,2026-06-13T08:14:50+00:00
0c284e06e7917219,ITmedia NEWS,IT・ニュース,Anthropic、「Fable 5」の不可視だった蒸留の保護機能を可視化 「誤った判断」と謝罪,https://www.itmedia.co.jp/news/articles/2606/12/news068.html,"Fri, 12 Jun 2026 06:20:00 +0900",Anthropicは、AIモデル「Claude Fable 5」の特定の保護機能がユーザーに不透明な形で動作していたことを「誤った判断」と認め、謝罪した。モデルの蒸留に関する制限を検知した際、これまでは不可視のまま下位モデルへ切り替えていたが、今後は明示的な仕様に変更する。誤検知への対応と分類器の調整も進める。,candidate,2026-06-13T08:14:50+00:00
5df7204e13d8050e,ITmedia NEWS,IT・ニュース,DJIに強力なライバル Insta360初のジンバルカメラ「Insta360 Luna Ultra」海外発表 11万9800円,https://www.itmedia.co.jp/news/articles/2606/11/news134.html,"Thu, 11 Jun 2026 23:55:00 +0900",中国Insta360は、独ライカと共同開発したジンバル一体型カメラ「Insta360 Luna Ultra」を発売した。1型センサーの8Kカメラと望遠カメラのデュアルレンズ構成で、着脱式タッチスクリーンによる遠隔操作にも対応する。日本の公式ストアでは11万9800円からだが、執筆時点では「近日販売予定」と表示されている。,candidate,2026-06-13T08:14:50+00:00
2f290a2fa1d58dc9,ITmedia NEWS,IT・ニュース,宇宙で「宇宙兄弟」を描くミッション、講談社が発表 ISS内のロボットアームを遠隔操作,https://www.itmedia.co.jp/news/articles/2606/11/news132.html,"Thu, 11 Jun 2026 20:10:00 +0900",講談社は11日、小山宙哉さんのマンガ「宇宙兄弟」を宇宙で描くという初の試み「Mission: SPACE COMIC」を発表した。,candidate,2026-06-13T08:14:50+00:00
5c0aaecd256eed92,ITmedia NEWS,IT・ニュース,AIに買い物を任せる時代へ VisaとOpenAIが提携──“代理決済”を上限設定などで安全に,https://www.itmedia.co.jp/news/articles/2606/11/news126.html,"Thu, 11 Jun 2026 19:05:00 +0900",米Visaは6月10日（現地時間）、米OpenAIとの戦略的提携を発表した。AIエージェントが人に代わって行う決済にVisaのネットワークや不正監視機能を組み込み、安全な取引環境の構築を目指す。,candidate,2026-06-13T08:14:50+00:00
08ccd06c8e8a35f3,ITmedia NEWS,IT・ニュース,NEC・アンソロピック、三井住友FGや明治安田など金融8社と連携 AI活用で新たな価値創出へ,https://www.itmedia.co.jp/news/articles/2606/11/news128.html,"Thu, 11 Jun 2026 19:00:00 +0900",NECは6月11日、米Anthropicおよび三井住友フィナンシャルグループ、明治安田生命保険など金融8社と、AIを活用した新たな価値創出に向けた検討・共創の取り組みを開始すると発表した。,candidate,2026-06-13T08:14:50+00:00
fdfe703d9c7f4c8a,ITmedia NEWS,IT・ニュース,サッカーW杯、テレビ放送があっても「DAZN」を選ぶ理由 ただしサッカー専用プランは「要注意」,https://www.itmedia.co.jp/news/articles/2606/11/news112.html,"Thu, 11 Jun 2026 16:15:00 +0900",12日に開幕する「FIFAワールドカップ2026」。今回は地上波放送も予定されているが、有料のDAZNも注目を集めている。なぜか。,candidate,2026-06-13T08:14:50+00:00
1feec3fc4463ba11,ITmedia NEWS,IT・ニュース,Google、検索サービスのプライバシー設定を刷新 レンズ画像や音声もデフォルトで保存対象に,https://www.itmedia.co.jp/news/articles/2606/11/news113.html,"Thu, 11 Jun 2026 16:11:00 +0900",Googleは、検索、マップ、ショッピングなどの「Google検索サービス」全体で、履歴とパーソナライズの設定を2つの独立した項目に再編する。新設定では保存対象がテキスト履歴から「Googleレンズ」の画像や音声録音などのメディアに拡大され、既存設定がオンのユーザーはメディア保存も自動的にオンで移行する。保存データはアカウントから切り離した状態で生成AIモデルのトレーニングにも利用される。,candidate,2026-06-13T08:14:50+00:00
252b878714d27366,ITmedia NEWS,IT・ニュース,JASRAC、「AI作曲・人間作詞」の曲は管理します――「人間の創作的寄与の有無」で線引き,https://www.itmedia.co.jp/news/articles/2606/11/news110.html,"Thu, 11 Jun 2026 15:49:00 +0900",歌詞・楽曲両方をAIが作った曲は管理しないが、歌詞か楽曲をAI生成し、もう片方を人間が創作した曲は、人が作った部分のみ管理するという。,candidate,2026-06-13T08:14:50+00:00
39e63cdb03c248a0,ITmedia NEWS,IT・ニュース,サッカーW杯、偽ライブ配信サイトに注意 生成AIで詐欺が巧妙化 Acronisが警告,https://www.itmedia.co.jp/news/articles/2606/11/news106.html,"Thu, 11 Jun 2026 15:14:00 +0900",生成AI技術の発展により、偽のチケット販売サイトや偽のライブ配信サイトなどの手口は巧妙化しており、十分な注意が必要だ。,candidate,2026-06-13T08:14:50+00:00
29b70637ea692af6,ITmedia NEWS,IT・ニュース,Anthropic、「Fable 5」のガードレールの仕組みを説明 課金の仕組みや設定変更方法など,https://www.itmedia.co.jp/news/articles/2606/11/news104.html,"Thu, 11 Jun 2026 15:09:00 +0900",Anthropicは、新AIモデル「Claude Fable 5」の過剰なブロックに対する挙動や管理方法を説明するヘルプ記事を公開した。セキュリティや生物学に関する質問を検知すると下位モデルへ自動で切り替わる機能の仕様、料金体系、設定オフの手順を明示。今後は誤検知を減らし、正当な研究や防衛作業の支援を目指す。,candidate,2026-06-13T08:14:50+00:00
4bc1ae0e75b4f920,ITmedia NEWS,IT・ニュース,セブン店舗の購買データを広告に反映 電通・サイバーエージェントと合弁会社,https://www.itmedia.co.jp/news/articles/2606/11/news096.html,"Thu, 11 Jun 2026 13:39:00 +0900",セブン-イレブンの全国約2万2000店舗と、約2800万人のアプリ会員基盤を活用し、店舗サイネージやアプリでの広告配信から購買効果の検証までを一体で提供する。,candidate,2026-06-13T08:14:50+00:00
8488c1bbc07048c1,ITmedia NEWS,IT・ニュース,「キングスライム目薬」は出品禁止物 ヤフオク！など注意喚起,https://www.itmedia.co.jp/news/articles/2606/11/news095.html,"Thu, 11 Jun 2026 13:33:00 +0900",LINEヤフーは10日、Yahoo!オークションとYahoo!フリマで「ロートジー × ドラゴンクエストコラボモデルの目薬」の出品が複数確認されたとして注意喚起した。,candidate,2026-06-13T08:14:50+00:00
bb824635e9bf4cb8,ITmedia NEWS,IT・ニュース,dカード、iPhoneの“マイナカード”で本人確認OKに オンライン入会で,https://www.itmedia.co.jp/news/articles/2606/11/news093.html,"Thu, 11 Jun 2026 13:30:00 +0900",NTTドコモは6月11日、クレジットカード「dカード」のオンライン入会手続きの本人確認で、iPhoneに登録したマイナンバーカードを利用できるようにしたと発表した。dカードアプリ上で本人確認を完結できる。,candidate,2026-06-13T08:14:50+00:00
ee2fa4563df1911a,ITmedia NEWS,IT・ニュース,死亡事故率3.4倍、ハンズフリーに潜む罠 厳罰化でも減らぬ「スマホながら運転」の現実,https://www.itmedia.co.jp/news/articles/2606/11/news089.html,"Thu, 11 Jun 2026 12:33:00 +0900",三重県亀山市の新名神高速道路で3月に起きた6人死亡の大型トラック追突事故の初公判で、自動車運転処罰法違反（過失致死）の罪に問われた元トラック運転手が、事故直前に料理の動画のスクリーンショットを試み、前方から13秒ほど目を離していた可能性が浮上した。走行中にスマートフォンなどを使用する「ながら運転」による死亡・重傷事故が増加傾向にあり、警察当局が危機感を強めている。,candidate,2026-06-13T08:14:50+00:00
f25e242b1f58fb8f,ITmedia NEWS,IT・ニュース,Steam、物理版のギフトカード販売終了へ 詐欺対策で デジタル版は継続,https://www.itmedia.co.jp/news/articles/2606/11/news088.html,"Thu, 11 Jun 2026 11:50:00 +0900",米Valveは6月11日までに、コンビニなどで販売してきた物理版「Steamギフトカード」について、小売店向けの在庫補充を停止する方針を発表した。2026年末までに全小売店で在庫がなくなる見込みとしている。,candidate,2026-06-13T08:14:50+00:00
50e56d0f05a9b6e1,ITmedia NEWS,IT・ニュース,九大の研究室にランサム被害、病院患者43人の手術動画・氏名流出のおそれ,https://www.itmedia.co.jp/news/articles/2606/11/news078.html,"Thu, 11 Jun 2026 10:36:00 +0900",端末に保存していた九州大学病院の患者43人の氏名と手術動画データが外部に流出した可能性を「否定できない」という。,candidate,2026-06-13T08:14:50+00:00
a7d2cca3accee72b,ITmedia NEWS,IT・ニュース,エルニーニョ現象の発生を当てた「地球シミュレータ」、今度は“異常気象”を予測 台風が活発に？,https://www.itmedia.co.jp/news/articles/2606/11/news077.html,"Thu, 11 Jun 2026 10:30:00 +0900",海洋研究開発機構（JAMSTEC）は、スパコン「地球シミュレータ」を使った予測として、今夏に北西太平洋で台風の活動が活発化する可能性があると公表した。地球シミュレータは1月の時点でエルニーニョ現象の発生を予測していた。,candidate,2026-06-13T08:14:50+00:00
a656c274e0cc996b,ITmedia NEWS,IT・ニュース,エアコン商戦早くも熱 「2027年問題」で駆け込み 新基準対応「電気代浮く」指摘も,https://www.itmedia.co.jp/news/articles/2606/11/news076.html,"Thu, 11 Jun 2026 10:24:00 +0900",本格的な夏の到来を前に、早くも家庭用エアコンの商戦が熱を帯びている。省エネ基準が厳格化される「エアコンの2027年問題」を意識した消費者が初期費用を抑えようと、現行モデルへの駆け込み需要が発生。取り付けまでに時間がかかるケースが頻発している。中東情勢の緊迫化が続く中、ナフサ関連の部素材の供給不足も現場の混乱に拍車をかけている。,candidate,2026-06-13T08:14:50+00:00
3124a3f887b461fd,ITmedia NEWS,IT・ニュース,公式がワンコーラス公開→AIで無断フルコーラス化、拡散 大原ゆい子氏「無職転生III」OPが被害,https://www.itmedia.co.jp/news/articles/2606/11/news075.html,"Thu, 11 Jun 2026 10:10:00 +0900",公式が公開したワンコーラスだけの音源を基に、生成AIを使って無断でフルコーラス化し、本人クレジット入りで公開する――こんな悪質な行為が明るみに出た。,candidate,2026-06-13T08:14:50+00:00
75f2f36ae1511d22,ITmedia NEWS,IT・ニュース,採択迫る“日本版スターリンク”の最新状況、軍配は誰に？ 楽天・AST陣営は計画を大幅変更,https://www.itmedia.co.jp/news/articles/2606/09/news014.html,"Thu, 11 Jun 2026 08:00:00 +0900",“日本版スターリンク”とも呼ばれる、スマートフォンと衛星を直接つなぐ衛星網実現に向けて総務省が進める低軌道衛星通信インフラ整備事業「J-LEO」。採択が迫る中、有力候補の楽天・AST陣営に動きが……。,candidate,2026-06-13T08:14:50+00:00
35570312971d3a56,ITmedia NEWS,IT・ニュース,1人暮らしの在宅勤務、「丸1日、人と接触なしの日」が3割……店員とも話さず 58万人を分析、Scienceで論文発表,https://www.itmedia.co.jp/news/articles/2606/11/news027.html,"Thu, 11 Jun 2026 08:00:00 +0900","ニューヨーク連邦準備銀行などに所属する研究者らが発表した論文「Home alone: Remote work, isolation, and mental health」は、リモートワークが労働者の孤立を深め、メンタルヘルスに悪影響を及ぼしている実態を明らかにした研究報告だ。",candidate,2026-06-13T08:14:50+00:00
678491705eb0ba99,ITmedia NEWS,IT・ニュース,Fable 5、ガードレール（保護機能）が厳しすぎて「DNAとは？」にも答えず,https://www.itmedia.co.jp/news/articles/2606/11/news063.html,"Thu, 11 Jun 2026 07:34:00 +0900",Anthropicが一般公開した最上位AIモデル「Claude Fable 5」の保護機能が、無害なリクエストまで弾くとしてXなどで批判を集めている。Fable 5はサイバーセキュリティや生物・化学などに関する質問を検知すると、応答を下位の「Claude Opus 4.8」に切り替える。,candidate,2026-06-13T08:14:50+00:00
8c9ef1c425787803,ITmedia NEWS,IT・ニュース,ChatGPTで広告表示へ 無料・Goプランが対象 6月22日にポリシー更新,https://www.itmedia.co.jp/news/articles/2606/10/news128.html,"Wed, 10 Jun 2026 20:50:00 +0900",米OpenAIは6月10日、「ChatGPT」の広告に関する規定を追加したプライバシーポリシーを改定した。無料プラン、「Go」プランが対象となる。,candidate,2026-06-13T08:14:50+00:00
8cf288c887a0d336,ITmedia NEWS,IT・ニュース,AIエージェントもフィッシング詐欺に引っかかる？ 米セキュリティ企業がOpenClawで検証 結果は……,https://www.itmedia.co.jp/news/articles/2606/10/news126.html,"Wed, 10 Jun 2026 19:42:00 +0900",AIエージェントが話題になる昨今。ローカル環境で動作するエージェントにPCを操作させ、作業を効率化しようと試みる人も散見される。ただ、AIエージェントがフィッシング詐欺に引っ掛かったら、大変なことになるかもしれない。米セキュリティ企業Varonisが6月9日（現地時間）に発表した検証レポートによれば、エージェントもフィッシングに引っかかる場合があったという。,candidate,2026-06-13T08:14:50+00:00
b537d9a88fe825f7,ITmedia NEWS,IT・ニュース,H3ロケット打ち上げ時の“水蒸気”を再現するパブリックビューイング、日本科学未来館が開催,https://www.itmedia.co.jp/news/articles/2606/10/news125.html,"Wed, 10 Jun 2026 18:51:00 +0900",日本未来科学館は、H3ロケット6号機の打ち上げの模様を没入感のある空間で見届けられるというパブリックビューイングを開催する。入場は無料。,candidate,2026-06-13T08:14:50+00:00
6f5beeb575930bac,ITmedia NEWS,IT・ニュース,NTT、800億円規模のAIファンド「IOWN AI Fund」組成 シリコンバレーと東京に新会社拠点,https://www.itmedia.co.jp/news/articles/2606/10/news123.html,"Wed, 10 Jun 2026 18:15:00 +0900",NTTは6月10日、AIを支える先端技術を持つスタートアップに投資するファンド「IOWN AI Fund」を組成すると発表した。運営会社を米シリコンバレーと東京に新設する。,candidate,2026-06-13T08:14:50+00:00
be218ffb7de77684,ITmedia NEWS,IT・ニュース,「Siri AI」の進化に「Geminiそのまま」の誤解――現地取材で見えた“新生Apple Intelligence”の全貌,https://www.itmedia.co.jp/news/articles/2606/10/news122.html,"Wed, 10 Jun 2026 17:30:00 +0900",「GeminiがApple Intelligenceの正体」は誤解だ。WWDC 2026の現地取材で見えてきた第3世代は、200億パラメータのAIをiPhoneで動かす革新技術、Google Cloud＋NVIDIAによるインフラ刷新、そして静かに変わる「無料」の定義まで、想像以上に深い変化を遂げていた。,candidate,2026-06-13T08:14:50+00:00
6cd18d23845221f9,ITmedia NEWS,IT・ニュース,「思い込み」で緊急時システムへのデータ送信停止 伊方原発 4月に起きた点検トラブルの原因報告,https://www.itmedia.co.jp/news/articles/2606/10/news118.html,"Wed, 10 Jun 2026 16:53:00 +0900",伊方原子力発電所で4月に発生した点検トラブルを巡り、愛媛県原因と再発防止策を発表した。このトラブルでは、1号機のみ停止予定だった緊急時対策支援システムへのデータ転送が、2号機、3号機でも停止。愛媛県は、原因について作業者の思い込みだったとしている。,candidate,2026-06-13T08:14:50+00:00
e6b21d835e839f06,ITmedia NEWS,IT・ニュース,Luup、北区の死亡事故「当社サービス利用中の事故」と公表 捜査に全面協力と同社,https://www.itmedia.co.jp/news/articles/2606/10/news094.html,"Wed, 10 Jun 2026 14:55:00 +0900",電動モビリティーシェアサービス「LUUP」を手掛けるLuupが、東京・北区で6月2日に起きた死亡事故について、自社サービスのユーザーだったと公表した。,candidate,2026-06-13T08:14:50+00:00
61e7cf2e77491157,ITmedia NEWS,IT・ニュース,ケーキに幼児の顔を無理やり押しつける動画、福岡県に「虐待」疑う電話・メール200件,https://www.itmedia.co.jp/news/articles/2606/10/news100.html,"Wed, 10 Jun 2026 14:28:00 +0900",幼児がケーキに顔を無理やり押しつけられ、泣いて嫌がる様子を写した動画がSNSに投稿され、6月8日までに虐待を疑う電話やメールが福岡県に約200件寄せられたことが分かった。,candidate,2026-06-13T08:14:50+00:00
3be25fac7a8096f9,ITmedia NEWS,IT・ニュース,「妹の脚を触った」因縁つけ仲間に暴行、AI基に恐喝未遂 容疑の高校生5人逮捕,https://www.itmedia.co.jp/news/articles/2606/10/news086.html,"Wed, 10 Jun 2026 13:02:00 +0900",元交際相手の男子高校生に暴行を加えて現金を脅し取ろうとしたとして、警視庁少年事件課は傷害と恐喝未遂の疑いで、東京都八王子市の高校3年生の女（17）ら高校生の男女計5人を逮捕した。,candidate,2026-06-13T08:14:50+00:00
bf4acf5bf11cd532,ITmedia NEWS,IT・ニュース,防衛装備庁、自爆型ドローンに対抗する「迎撃ドローン」を公募 8月下旬にも量産契約へ,https://www.itmedia.co.jp/news/articles/2606/10/news081.html,"Wed, 10 Jun 2026 12:40:00 +0900",防衛装備庁は、攻撃型のドローンに対処する「迎撃ドローン」を早期に取得するため、民間企業からの提案を募集している。7月の実証試験を経て、運用に適すれば早ければ8月にも量産契約へ進める。小泉進次郎防衛相も自身のXで提案を呼びかけている。,candidate,2026-06-13T08:14:50+00:00
52425ca0719b1089,ITmedia Mobile,通信・スマホ,KDDIのpovo、「つながらない」に悩む楽天ユーザーを本気で救済開始か Xで意味深投稿,https://www.itmedia.co.jp/mobile/articles/2606/13/news027.html,"Sat, 13 Jun 2026 12:49:00 +0900",KDDIのオンライン専用ブランドであるpovoが、SNSで他社の屋内通信不良の課題を突いたプロモーションを展開した。背景には楽天モバイル向けローミングサービスのエリア縮小があり、プラチナバンド終了で屋内の圏外化が多発している。KDDIの松田社長は決算説明会でpovoによる支援を予告しており、ユーザーはデュアルSIM運用などの自己防衛が求められる。,candidate,2026-06-13T08:14:50+00:00
b6b085f112a78ed0,ITmedia Mobile,通信・スマホ,自撮りのための“アイデアグッズ”が結構すごい（謎が解けた）,https://www.itmedia.co.jp/mobile/articles/2606/13/news025.html,"Sat, 13 Jun 2026 11:00:00 +0900",最近、地方に行くとスマホを壁に貼り付けて何か録画している高校生をよく見かけるんですよ。何をしているのかと思ったら、吸盤でスマホを貼り付けて動画の“自撮り”をしているんですよね……。,candidate,2026-06-13T08:14:50+00:00
f5cee9205dfed2a7,ITmedia Mobile,通信・スマホ,PayPayの誤送金トラブル、なぜ「強制キャンセル」できない？ 広報に聞いた理由と自衛策,https://www.itmedia.co.jp/mobile/articles/2606/13/news002.html,"Sat, 13 Jun 2026 10:00:00 +0900",PayPayで誤送金した際、相手が自動受け取り設定だとシステム上での取消は一切できない。一度相手に移動した資金は、金融ルールの観点から運営が一方的に引き戻す介入は不可能だ。誤送金防止のために宛先確認を徹底し、万が一の際は警察への相談やアプリでの自衛を行う。,candidate,2026-06-13T08:14:50+00:00
718faf8be54dc100,ITmedia Mobile,通信・スマホ,【ワークマン】1900円の「リュックに変身ショルダーバッグ」 シーンに応じて使い分け,https://www.itmedia.co.jp/mobile/articles/2606/13/news021.html,"Sat, 13 Jun 2026 10:00:00 +0900",ワークマンで「リュックに変身ショルダーバッグ」が販売されている。ショルダーの底部分のファスナーを開ければ異なるカラーのリュックになり、スタイルに合わせられる2WAY仕様となる。価格は1900円。,candidate,2026-06-13T08:14:50+00:00
0aa4ad48a8a6c3dc,ITmedia Mobile,通信・スマホ,シャープが「AQUOS」を中高価格帯へシフトする理由 メモリ高騰が直撃するエントリースマホの限界,https://www.itmedia.co.jp/mobile/articles/2606/13/news022.html,"Sat, 13 Jun 2026 06:00:00 +0900",シャープはスマホの販売構成比を中高価格帯へシフトし、2026年度にミドル・ハイエンドを7割にする。背景にはメモリやストレージの高騰があり、部材コストの割合が高いエントリーモデルの収益悪化が関係する。グローバルでも上位2社がシェアを伸ばす予測の中、シャープの戦略転換は新端末の魅力が成否を握りそうだ。,candidate,2026-06-13T08:14:50+00:00
31d0a0227cc4e421,ITmedia Mobile,通信・スマホ,DAZNのW杯「月額980円」表示に落とし穴 ユーザーを困惑させた2つの“ダークパターン”とは,https://www.itmedia.co.jp/mobile/articles/2606/12/news128.html,"Fri, 12 Jun 2026 21:10:00 +0900",FIFAワールドカップ2026の全試合を配信する「DAZN」の料金プラン表示がインターネット上で物議を醸している。「月額980円」をアピールするプランが実際には途中解約不可の年間プランであり、総額2万6340円の支払いが発生するためだ。SNS上では「だまされた」といった批判が相次いでおり、複雑な料金体系と意図的なUI設計が問題視されている。,candidate,2026-06-13T08:14:50+00:00
59ca0f01c0c094ed,ITmedia Mobile,通信・スマホ,追加料金なしで海外データ通信が使える快適さ そして外国で「シャッター音」を忘れて羽根を伸ばすスマホ,https://www.itmedia.co.jp/mobile/articles/2606/12/news125.html,"Fri, 12 Jun 2026 19:45:00 +0900",2025年に続き、2026年も「COMPUTEX TAIPEI」の取材に行ってきました。今回もドコモ回線の国際ローミングを基本にネットワーク環境を構築したのですが、そのおかげで「Galaxy S26 Ultra」のカメラにもうれしいことが起こりました。【更新】,candidate,2026-06-13T08:14:50+00:00
33c4d69a7fe4b00a,ITmedia Mobile,通信・スマホ,ドコモのdカードが「Google Pay」に対応 スマホのタッチ決済が利用可能に,https://www.itmedia.co.jp/mobile/articles/2606/12/news123.html,"Fri, 12 Jun 2026 18:22:00 +0900",NTTドコモのクレジットカードサービス「dカード」が「Google Pay」への対応を開始。「Google ウォレット」へdカードを登録すれば、スマートフォンをかざすだけで支払いができるようになる。,candidate,2026-06-13T08:14:50+00:00
8cd35171fbc3d3b3,ITmedia Mobile,通信・スマホ,ゲオの“今だけ”スマホ買い取り額UP、実はうそ？ 消費者庁が厳しい目,https://www.itmedia.co.jp/mobile/articles/2606/12/news118.html,"Fri, 12 Jun 2026 16:51:00 +0900",消費者庁はスマートフォンなどの買い取りサービスで不当な広告表示をしたとしてゲオストアに措置命令を出した。同社は期間限定と称して買い取り金額を上乗せするキャンペーンを展開していた。しかし実際には期限が過ぎた後も同等以上の好条件で買い取りを継続しており有利誤認に該当すると判断された。,candidate,2026-06-13T08:14:50+00:00
1a3ba9836e2da7f0,ITmedia Mobile,通信・スマホ,大型スマホや小物も収納できる、多機能ショルダーポーチ発売 ダブルファスナーの大開口設計,https://www.itmedia.co.jp/mobile/articles/2606/12/news116.html,"Fri, 12 Jun 2026 16:27:00 +0900",ハクバ写真産業は、ロサンゼルス発のブランド「OUTDOOR PRODUCTS」から多機能ショルダーポーチ「スマートフォンポーチ 07」を発売。大型スマートフォンと身の回りのアイテムを効率よく収納できる。価格は3980円。,candidate,2026-06-13T08:14:50+00:00
0c205534b370afa1,ITmedia Mobile,通信・スマホ,auの「iPhone 17 Pro（256GB）」、MNPで21万4900円→2年5万8900円に【スマホお得情報】,https://www.itmedia.co.jp/mobile/articles/2606/12/news109.html,"Fri, 12 Jun 2026 14:47:00 +0900",KDDIは、au Online Shopで「iPhone 17 Pro（256GB）」を安価に販売。MNPと「au Online Shop お得割」や「スマホトクするプログラム＋」の適用で通常21万4900円のところ2年間5万8900円で購入できる。,candidate,2026-06-13T08:14:50+00:00
9773eca704651ef6,ITmedia Mobile,通信・スマホ,「JALモバイル powered by ahamo」のお得度を検証 本家ahamoやIIJmio版とは何が違う？,https://www.itmedia.co.jp/mobile/articles/2606/12/news106.html,"Fri, 12 Jun 2026 14:02:00 +0900",NTTドコモと日本航空は新たな通信サービス「JALモバイル powered by ahamo」を6月25日から提供する。既存のahamoと通信サービスは同スペックだが、ahamoの特典が一部対象外の場合がある。IIJmioのJALモバイルとは、通信品質や海外ローミングに大きな違いがある。,candidate,2026-06-13T08:14:50+00:00
694c85df558c04cc,ITmedia Mobile,通信・スマホ,Y!mobileの「nubia S2」「かんたんスマホ4」が1円、「OPPO Reno13 A」が9800円に 6月30日まで,https://www.itmedia.co.jp/mobile/articles/2606/12/news098.html,"Fri, 12 Jun 2026 14:00:00 +0900",ソフトバンクは、Y!mobileオンラインストアでキャンペーンを開催。6月30日まで「nubia Flip2」「かんたんスマホ4」を期間限定で値下げし、「nubia S2」「OPPO Reno13 A」も値下げしている。,candidate,2026-06-13T08:14:50+00:00
e74a327e5a7930e6,ITmedia Mobile,通信・スマホ,ドコモの「Nexus 5X」「AQUOS ZETA」などで26年10月以降に通話不可になる事象 3G設備撤去に伴う不具合,https://www.itmedia.co.jp/mobile/articles/2606/12/news094.html,"Fri, 12 Jun 2026 11:38:00 +0900",NTTドコモは3G通信設備の一部撤去作業に伴い一部のスマートフォンで音声通話ができなくなる事象が発生すると発表した。対象機種は「Nexus 5X」と「GALAXY S5 ACTIVE SC-02G」「AQUOS ZETA SH-03G」だ。2026年10月1日以降に順次発生するため、機種変更や設定変更が必要になる。,candidate,2026-06-13T08:14:50+00:00
4a9b962f6fc27413,ITmedia Mobile,通信・スマホ,「dカード」のオンライン入会手続き、iPhoneのマイナンバーカードで本人確認が可能に,https://www.itmedia.co.jp/mobile/articles/2606/12/news092.html,"Fri, 12 Jun 2026 11:32:00 +0900",「dカード」のオンライン入会手続きにて、iPhoneのマイナンバーカードで本人確認が可能に。ユーザーはカード自体を事前に用意することなく、本人確認を行える。,candidate,2026-06-13T08:14:50+00:00
ad66383c248bff97,ITmedia Mobile,通信・スマホ,GPSランニングウォッチ「Polar Pacer」、約40gで35時間のロングバッテリー搭載,https://www.itmedia.co.jp/mobile/articles/2606/12/news043.html,"Fri, 12 Jun 2026 10:00:00 +0900",POLARのGPSランニングウォッチ「Polar Pacer」がAmazonで販売されている。心拍数やスピード、走行距離などのベーシックな機能を備え、多彩なランニング計測が行える。,candidate,2026-06-13T08:14:50+00:00
019268878578232f,ITmedia Mobile,通信・スマホ,20万円超も珍しくない高額スマホ時代、「スマホ保険」の選び方と料金の目安は？,https://www.itmedia.co.jp/mobile/articles/2606/12/news013.html,"Fri, 12 Jun 2026 06:00:00 +0900",高価格化が進むスマホの破損に備える「スマホ保険」。月額800～1000円で20万円前後の補償が目安ですが、バッテリー交換が対象外などの注意点も。賢いコストバランスの選び方を考えてみた。,candidate,2026-06-13T08:14:50+00:00
f1cd33ec8041ba78,ITmedia Mobile,通信・スマホ,スタバ長時間滞在、なぜ「一律ルール」設けない？ “スマホでゲーム、PCで仕事も…広報見解は,https://www.itmedia.co.jp/mobile/articles/2606/12/news067.html,"Fri, 12 Jun 2026 05:32:00 +0900",スターバックス店舗での長時間のPC作業や勉強に対する疑問の声がネット上で見られる。同社広報部は店舗をサードプレイスと位置付け多様な過ごし方を尊重するため一律のルールは設けないと回答した。一方で混雑時には全ての客が快適に過ごせるよう現場スタッフが状況に応じた配慮を行っていると説明した。,candidate,2026-06-13T08:14:50+00:00
a0a2704d0089f0b0,ITmedia Mobile,通信・スマホ,「Nintendo Switch 2」が“転売ヤー”の餌食に 多言語版の買い占め→「プレイ50時間」条件復活,https://www.itmedia.co.jp/mobile/articles/2606/12/news065.html,"Fri, 12 Jun 2026 04:30:00 +0900",任天堂がSwitch 2多言語版の買い占め疑いで販売を停止し、プレイ時間50時間の条件を復活。国内版の値上げに対し多言語版は価格据え置きだったため、条件緩和の直後に転売目的の購入が殺到。素早く条件を再厳格化し、ゲームで実際に遊ぶファンを優先した任天堂の姿勢に称賛の声が集まっている。,candidate,2026-06-13T08:14:50+00:00
7b7057dacbb64671,ITmedia Mobile,通信・スマホ,「日本通信アプリ」の新バージョン提供開始 FPoS対応で本人確認のセキュリティを強化,https://www.itmedia.co.jp/mobile/articles/2606/11/news129.html,"Thu, 11 Jun 2026 18:34:00 +0900",日本通信は6月11日に新技術のFPoSに対応した「日本通信アプリ」の新バージョンを提供した。利用者はマイナンバーカードの署名検証機能を使って身元確認を行いスマートフォンに認定電子証明書を発行できる。これにより、契約時の本人確認やマイページへのログインを安全かつ簡単に行えるという。,candidate,2026-06-13T08:14:50+00:00
b4d34f3f5cfc5b8d,ITmedia PC USER,PC・ガジェット,派手さより“ちょうどいい自己主張”――アキバで黒ベースのシックなデバイスが売れる理由,https://www.itmedia.co.jp/pcuser/articles/2606/13/news020.html,"Sat, 13 Jun 2026 06:00:00 +0900",入力デバイスもPCパーツも、色とりどりのバリエーションが選べるようになって久しい。そのような中で、黒ベースのシックな装飾のキーキャップやマウスパッドも売れているという。,candidate,2026-06-13T08:14:50+00:00
5f0ef19f6cb291bd,ITmedia PC USER,PC・ガジェット,2万円台でサファイアガラス採用！ 機能充実の高コスパスマートウォッチ「Amazfit Active 3 Premium」徹底レビュー,https://www.itmedia.co.jp/pcuser/articles/2606/12/news102.html,"Fri, 12 Jun 2026 16:00:00 +0900",Zepp Healthが展開する「Amazfit」ブランドから、初級～中級ランナー向けのスマートウォッチ「Amazfit Active 3 Premium」が発売された。2万8900円というミドルクラスの価格帯でありながら、上位モデルに迫るスペックを備えた実機を試した。,candidate,2026-06-13T08:14:50+00:00
67be481ab50d571a,ITmedia PC USER,PC・ガジェット,Aladdin X、照明一体型プロジェクターにレーザー光源採用の4Kモデルを追加,https://www.itmedia.co.jp/pcuser/articles/2606/12/news115.html,"Fri, 12 Jun 2026 15:44:00 +0900",Aladdin Xは、3色レーザー光源を採用した照明一体型プロジェクター「Aladdin X3 Laser 4K」を発表した。,candidate,2026-06-13T08:14:50+00:00
f0b6e96de3a04018,ITmedia PC USER,PC・ガジェット,iFLYTEK、相互翻訳やAI要約なども利用できるボイスレコーダー,https://www.itmedia.co.jp/pcuser/articles/2606/12/news111.html,"Fri, 12 Jun 2026 14:54:00 +0900",iFLYTEK JAPAN AI SOLUTIONSは、小型軽量筐体を採用した多機能ボイスレコーダー「iFLYTEK AIボイスレコーダー P1」「同 Pro」を発表した。,candidate,2026-06-13T08:14:50+00:00
8453fffab3614fbf,ITmedia PC USER,PC・ガジェット,ベルキン、Thunderbolt 4接続に対応した14in1設計の多機能拡張ドック,https://www.itmedia.co.jp/pcuser/articles/2606/12/news108.html,"Fri, 12 Jun 2026 14:32:00 +0900",ベルキンは、Thunderbolt 4接続に対応した多機能拡張ドック「Belkin Connect Thunderbolt 4 Dock 14-in-1 ドッキングステーション」の販売を開始した。,candidate,2026-06-13T08:14:50+00:00
39f8fda6b61a600f,ITmedia PC USER,PC・ガジェット,島根富士通で第19回「FMVパソコン組み立て教室」を開催 8月22日,https://www.itmedia.co.jp/pcuser/articles/2606/12/news101.html,"Fri, 12 Jun 2026 13:28:00 +0900",富士通クライアントコンピューティングは、小中学生を対象とした第19回「FMVパソコン組み立て教室」の開催を告知した。,candidate,2026-06-13T08:14:50+00:00
79dabeb5d6617c50,ITmedia PC USER,PC・ガジェット,シリウス、耳元にスピーカーを配置した“パーソナルシアタースピーカー”を投入,https://www.itmedia.co.jp/pcuser/articles/2606/12/news093.html,"Fri, 12 Jun 2026 11:34:00 +0900",シリウスは、大口径スピーカーを耳元へ配置する独自の“パーソナルシアタースピーカー”を発表した。,candidate,2026-06-13T08:14:50+00:00
e4401921a4ccaed8,ITmedia PC USER,PC・ガジェット,AIモデルの性能競争から降りたAppleの狙いとは？ AI時代の“計画的長寿命化”と「Siri AI」がユーザーとアプリをつなぐ理由,https://www.itmedia.co.jp/pcuser/articles/2606/12/news056.html,"Fri, 12 Jun 2026 11:00:00 +0900",Appleが毎年6月に開催している開発者向けイベント「WWDC」だが、2026年はOSごとの説明というよりも共通する新機能の説明が多かった。目玉は新しい「Apple Intelligence」と「Siri AI」なのだが、その前に「パフォーマンスの改善」を持って来たことも注目だ。【更新】,candidate,2026-06-13T08:14:50+00:00
37f8250a7715714f,ITmedia PC USER,PC・ガジェット,旅行先や海外でもお湯を沸かせる「Aliliy ポータブル電気ケトル」がセールで29％オフの4255円に,https://www.itmedia.co.jp/pcuser/articles/2606/12/news082.html,"Fri, 12 Jun 2026 09:52:00 +0900",Amazon.co.jpにて、世界中の電圧に対応し、コンパクトで持ち運びに適した「Aliliy ポータブル電気ケトル」がタイムセール中だ。参考価格から29％オフの4255円という手頃な価格で購入できる。,candidate,2026-06-13T08:14:50+00:00
0a8bbce627deca92,ITmedia PC USER,PC・ガジェット,床掃除と水拭きを同時にこなす「roborock Q7B+」がセールで1万円引きの3万9980円に,https://www.itmedia.co.jp/pcuser/articles/2606/12/news080.html,"Fri, 12 Jun 2026 09:48:00 +0900",Amazon.co.jpで、roborockのロボット掃除機「roborock Q7B+」がタイムセール中だ。8000Paの強力な吸引力と水拭き機能を兼ね備え、自動ゴミ収集ドックも付属する。定価の4万9980円から20％オフとなる3万9980円で提供されている。,candidate,2026-06-13T08:14:50+00:00
fe63b7a28b5394a9,ITmedia PC USER,PC・ガジェット,夏の外出を涼しく快適にする「TORRAS COOLiFY Air」が24％オフの1万5128円に,https://www.itmedia.co.jp/pcuser/articles/2606/12/news079.html,"Fri, 12 Jun 2026 09:38:00 +0900",Amazon.co.jpにて、TORRASのネッククーラー「COOLiFY Air」が24％オフのセール価格で販売中だ。進化したペルチェ素子と360°立体送風システムを搭載し、瞬時に首元を冷却できる。,candidate,2026-06-13T08:14:50+00:00
d9fc8caaf375234b,ITmedia PC USER,PC・ガジェット,省エネ設計の「ホタルクス LEDシーリングライト HLDC08258」がセールで28％オフの4740円に,https://www.itmedia.co.jp/pcuser/articles/2606/12/news078.html,"Fri, 12 Jun 2026 09:33:00 +0900",Amazon.co.jpで、ホタルクスのLEDシーリングライト「ホタルクス LEDシーリングライト HLDC08258」がタイムセール中だ。過去価格の6566円から28％オフとなる4740円で販売されている。優れた発光効率で電気代を抑えられる、調光調色に対応した日本製の8畳用モデルだ。,candidate,2026-06-13T08:14:50+00:00
5d15562f5840e23a,ITmedia PC USER,PC・ガジェット,ほったらかしで多彩な調理ができる「タイガー魔法瓶 電気圧力鍋 COK-N220KM」がセールで24％オフに,https://www.itmedia.co.jp/pcuser/articles/2606/12/news077.html,"Fri, 12 Jun 2026 09:26:00 +0900",Amazon.co.jpにて、タイガー魔法瓶の電気圧力鍋「COK-N220KM」がタイムセール中です。定価2万4800円から24％オフの1万8800円という大変お買い得な価格となっています。ほったらかしで手軽に本格的な調理が楽しめる1台です。,candidate,2026-06-13T08:14:50+00:00
1f72986899b095d3,ITmedia PC USER,PC・ガジェット,ソーラー充電対応の「Anker Eufy Security SoloCam S220」がセールで30％オフの9090円に,https://www.itmedia.co.jp/pcuser/articles/2606/12/news076.html,"Fri, 12 Jun 2026 09:18:00 +0900",Amazon.co.jpにて、ソーラーパネルを一体化したAnkerの屋外用防犯カメラ「Anker Eufy Security SoloCam S220」がタイムセールを実施中だ。定価1万2990円から30％オフの9090円で販売されている。,candidate,2026-06-13T08:14:50+00:00
3bab608899dc8ae2,ITmedia PC USER,PC・ガジェット,手の届きにくい場所を清掃できる「ECOVACS DEEBOT mini」がセールで28％オフに,https://www.itmedia.co.jp/pcuser/articles/2606/12/news075.html,"Fri, 12 Jun 2026 09:12:00 +0900",Amazon.co.jpにて、ECOVACSのロボット掃除機「DEEBOT mini」がタイムセール中だ。定価5万9800円から28％オフの4万2800円で販売されている。コンパクトボディーと強力な清掃力が特徴の一台だ。,candidate,2026-06-13T08:14:50+00:00
1b66f5ec25c82da2,ITmedia PC USER,PC・ガジェット,ケーブル1本で接続と給電ができる「PHILIPS 27E1N2600AE／11」がセールで2万3000円に,https://www.itmedia.co.jp/pcuser/articles/2606/12/news073.html,"Fri, 12 Jun 2026 09:06:00 +0900",Amazon.co.jpにて、PHILIPSの27型液晶ディスプレイ「27E1N2600AE／11」がタイムセール中だ。QHD解像度に対応し、USB Type-Cケーブル1本で映像出力と最大65Wの給電が同時に行える。期間中は9％オフの23000円で購入できる。,candidate,2026-06-13T08:14:50+00:00
2063906cd4a74f6e,ITmedia PC USER,PC・ガジェット,エイサー、Core Ultra シリーズ3を採用した16型／18型ゲーミングノート,https://www.itmedia.co.jp/pcuser/articles/2606/11/news109.html,"Thu, 11 Jun 2026 15:46:00 +0900",日本エイサーは、Core Ultraの搭載に対応した16型／18型ゲーミングノート「Predator Helios Neo 16S AI」「Predator Helios 18 AI」の新モデルを発表した。,candidate,2026-06-13T08:14:50+00:00
aeededda5be116ad,ITmedia PC USER,PC・ガジェット,LGエレ、webOSを標準搭載した曲面ウルトラワイド有機ELゲーミングディスプレイ3製品,https://www.itmedia.co.jp/pcuser/articles/2606/11/news107.html,"Thu, 11 Jun 2026 15:24:00 +0900",LGエレクトロニクス・ジャパンは、曲面デザイン筐体を採用したウルトラワイド有機ELゲーミングディスプレイ計3製品を発表した。,candidate,2026-06-13T08:14:50+00:00
d4f63340afd0771d,ITmedia PC USER,PC・ガジェット,実売5万円切り！ GEEKOMの格安ミニPC「AIR12」実機レビュー,https://www.itmedia.co.jp/pcuser/articles/2606/11/news083.html,"Thu, 11 Jun 2026 15:00:00 +0900",GEEKOMから、Pentium Gold 7505を搭載したエントリークラスのミニPC「GEEKOM AIR12」が登場した。実売価格4万9900円からという手頃な価格帯ながら、メモリの増設が可能で、充実したポート類を備えているのが特徴だ。,candidate,2026-06-13T08:14:50+00:00
85ad5acec9f6b617,ITmedia PC USER,PC・ガジェット,MSI、創立40周年を記念したハイエンド18型ゲーミングノート Core Ultra 9＋RTX 5090を搭載,https://www.itmedia.co.jp/pcuser/articles/2606/11/news097.html,"Thu, 11 Jun 2026 14:01:00 +0900",エムエスアイコンピュータージャパンは、創立40周年記念モデルとなるハイエンド18型ゲーミングノートPC「Titan 18 HX Dragon Edition Draco Epic A2W」を発表した。,candidate,2026-06-13T08:14:50+00:00
